{
  "type": "FeatureCollection",
  "features": [
    {
      "type": "Feature",
      "geometry": {
        "type": "Point",
        "coordinates": [
          127.22,
          37.64
        ]
      },
      "properties": {
        "id": "P001",
        "사업유형": "신도시(공공주택지구)",
        "사업명": "남양주왕숙 공공주택지구",
        "근거법": "공공주택특별법",
        "상위계획": "제4차 수도권정비계획",
        "지정주체": "국토교통부",
        "시도": "경기",
        "시군구": "남양주시",
        "읍면동": "진접읍·진건읍 일원",
        "최초계획연도": "2018",
        "현재단계": "조성공사",
        "단계상세": "주택 블록별 공정률 0~1%대(2025.11 기준) 2026 본격 착공",
        "지연여부": "Y(입주 2026→2028상 연기)",
        "예타상태": "해당없음(공공주택특별법 지구지정, 예타 별도 절차)",
        "최근확인일": "2026-07-05",
        "출처URL": "https://www.molit.go.kr/policy/capital/cap_e_03.jsp",
        "비고": "3기 신도시 최대 규모",
        "인프라연계id": "",
        "대략가격대": "해당없음(공공분양, 매매시장 아님)",
        "구역면적": "",
        "건축면적": "",
        "동수": "",
        "세대수": "",
        "건폐율": "",
        "용적률": "",
        "예상완공시기": "확인필요(원문 사업개요 없음)",
        "추진위조합정보": "",
        "인근부동산": "",
        "초기투자프리미엄정보": "",
        "인근시세비교": "",
        "color": "#2563eb",
        "A_stage_progress": 0.444,
        "A_stage_progress_basis": "현재단계=조성공사, 전체 10단계 중 5번째 → 0.44",
        "A_stage_index": 5,
        "A_stage_total": 10,
        "B_pretest": 0.6,
        "B_pretest_basis": "예타상태=해당없음(공공주택특별법 지구지정, 예타 별도 절차) → 0.6 (구조적으로 예타 비대상, 감점 아님)",
        "C_delay": 0.3,
        "C_delay_basis": "지연여부=Y(입주 2026→2028상 연기) → 0.3",
        "F_upside_potential": 0.556,
        "F_upside_potential_basis": "사업단계 진척률(A)=0.44 → 잔여 개발이익 여력 = 1-A = 0.56 (초기단계일수록 향후 가격 상승여력 크고, 착공·준공에 가까울수록 이미 가격에 반영돼 여력 작다고 가정)",
        "D_infra": 0.7,
        "D_infra_basis": "인프라연계id 없음 → 데이터 미비를 벌점화하지 않기 위해 중립값 0.7",
        "E_price_attractiveness": 0.5,
        "E_price_attractiveness_basis": "대략가격대=해당없음(공공분양, 매매시장 아님) → 매매시장 아님(분양/인프라사업), 중립값 0.5",
        "최신업데이트일": "",
        "최신업데이트요약": "",
        "최신업데이트출처URL": ""
      }
    },
    {
      "type": "Feature",
      "geometry": {
        "type": "Point",
        "coordinates": [
          127.19,
          37.52
        ]
      },
      "properties": {
        "id": "P002",
        "사업유형": "신도시(공공주택지구)",
        "사업명": "하남교산 공공주택지구",
        "근거법": "공공주택특별법",
        "상위계획": "제4차 수도권정비계획",
        "지정주체": "국토교통부",
        "시도": "경기",
        "시군구": "하남시",
        "읍면동": "교산동 일원",
        "최초계획연도": "2018",
        "현재단계": "조성공사",
        "단계상세": "A-2BL 공정률 0%(2025.11) 2026 착공 예정",
        "지연여부": "Y(입주 2025→2027하 연기)",
        "예타상태": "해당없음(공공주택특별법 지구지정, 예타 별도 절차)",
        "최근확인일": "2026-07-05",
        "출처URL": "https://www.molit.go.kr/policy/capital/cap_e_03.jsp",
        "비고": "GTX-D 연계 논의",
        "인프라연계id": "",
        "대략가격대": "해당없음(공공분양, 매매시장 아님)",
        "구역면적": "",
        "건축면적": "",
        "동수": "",
        "세대수": "",
        "건폐율": "",
        "용적률": "",
        "예상완공시기": "확인필요(원문 사업개요 없음)",
        "추진위조합정보": "",
        "인근부동산": "",
        "초기투자프리미엄정보": "",
        "인근시세비교": "",
        "color": "#2563eb",
        "A_stage_progress": 0.444,
        "A_stage_progress_basis": "현재단계=조성공사, 전체 10단계 중 5번째 → 0.44",
        "A_stage_index": 5,
        "A_stage_total": 10,
        "B_pretest": 0.6,
        "B_pretest_basis": "예타상태=해당없음(공공주택특별법 지구지정, 예타 별도 절차) → 0.6 (구조적으로 예타 비대상, 감점 아님)",
        "C_delay": 0.3,
        "C_delay_basis": "지연여부=Y(입주 2025→2027하 연기) → 0.3",
        "F_upside_potential": 0.556,
        "F_upside_potential_basis": "사업단계 진척률(A)=0.44 → 잔여 개발이익 여력 = 1-A = 0.56 (초기단계일수록 향후 가격 상승여력 크고, 착공·준공에 가까울수록 이미 가격에 반영돼 여력 작다고 가정)",
        "D_infra": 0.7,
        "D_infra_basis": "인프라연계id 없음 → 데이터 미비를 벌점화하지 않기 위해 중립값 0.7",
        "E_price_attractiveness": 0.5,
        "E_price_attractiveness_basis": "대략가격대=해당없음(공공분양, 매매시장 아님) → 매매시장 아님(분양/인프라사업), 중립값 0.5",
        "최신업데이트일": "",
        "최신업데이트요약": "",
        "최신업데이트출처URL": ""
      }
    },
    {
      "type": "Feature",
      "geometry": {
        "type": "Point",
        "coordinates": [
          126.73,
          37.57
        ]
      },
      "properties": {
        "id": "P003",
        "사업유형": "신도시(공공주택지구)",
        "사업명": "인천계양 공공주택지구",
        "근거법": "공공주택특별법",
        "상위계획": "제4차 수도권정비계획",
        "지정주체": "국토교통부",
        "시도": "인천",
        "시군구": "계양구",
        "읍면동": "동양동·박촌동 일원",
        "최초계획연도": "2018",
        "현재단계": "본청약",
        "단계상세": "A2·A3블록 3기 신도시 최초 본청약 2026.12 입주 예정",
        "지연여부": "Y(입주 2025→2026 연기)",
        "예타상태": "해당없음(공공주택특별법 지구지정, 예타 별도 절차)",
        "최근확인일": "2026-07-05",
        "출처URL": "https://magazine.hankyung.com/money/article/202602237018c",
        "비고": "3기 중 진행 최선두",
        "인프라연계id": "",
        "대략가격대": "해당없음(공공분양, 매매시장 아님)",
        "구역면적": "",
        "건축면적": "",
        "동수": "",
        "세대수": "",
        "건폐율": "",
        "용적률": "",
        "예상완공시기": "확인필요(원문 사업개요 없음)",
        "추진위조합정보": "",
        "인근부동산": "",
        "초기투자프리미엄정보": "",
        "인근시세비교": "",
        "color": "#2563eb",
        "A_stage_progress": 0.667,
        "A_stage_progress_basis": "현재단계=본청약, 전체 10단계 중 7번째 → 0.67",
        "A_stage_index": 7,
        "A_stage_total": 10,
        "B_pretest": 0.6,
        "B_pretest_basis": "예타상태=해당없음(공공주택특별법 지구지정, 예타 별도 절차) → 0.6 (구조적으로 예타 비대상, 감점 아님)",
        "C_delay": 0.3,
        "C_delay_basis": "지연여부=Y(입주 2025→2026 연기) → 0.3",
        "F_upside_potential": 0.333,
        "F_upside_potential_basis": "사업단계 진척률(A)=0.67 → 잔여 개발이익 여력 = 1-A = 0.33 (초기단계일수록 향후 가격 상승여력 크고, 착공·준공에 가까울수록 이미 가격에 반영돼 여력 작다고 가정)",
        "D_infra": 0.7,
        "D_infra_basis": "인프라연계id 없음 → 데이터 미비를 벌점화하지 않기 위해 중립값 0.7",
        "E_price_attractiveness": 0.5,
        "E_price_attractiveness_basis": "대략가격대=해당없음(공공분양, 매매시장 아님) → 매매시장 아님(분양/인프라사업), 중립값 0.5",
        "최신업데이트일": "",
        "최신업데이트요약": "",
        "최신업데이트출처URL": ""
      }
    },
    {
      "type": "Feature",
      "geometry": {
        "type": "Point",
        "coordinates": [
          126.89,
          37.63
        ]
      },
      "properties": {
        "id": "P004",
        "사업유형": "신도시(공공주택지구)",
        "사업명": "고양창릉 공공주택지구",
        "근거법": "공공주택특별법",
        "상위계획": "제4차 수도권정비계획",
        "지정주체": "국토교통부",
        "시도": "경기",
        "시군구": "고양시 덕양구",
        "읍면동": "창릉동·원흥동 일원",
        "최초계획연도": "2019",
        "현재단계": "착공(주택)",
        "단계상세": "A-4BL 8.3% 등 공정률 한자릿수 2026.3·6 본청약",
        "지연여부": "Y(입주 2025→2028상 연기)",
        "예타상태": "해당없음(공공주택특별법 지구지정, 예타 별도 절차)",
        "최근확인일": "2026-07-05",
        "출처URL": "https://magazine.hankyung.com/money/article/202602237018c",
        "비고": "GTX-A 창릉역 2030 개통 예정",
        "인프라연계id": "P101",
        "대략가격대": "해당없음(공공분양, 매매시장 아님)",
        "구역면적": "",
        "건축면적": "",
        "동수": "",
        "세대수": "",
        "건폐율": "",
        "용적률": "",
        "예상완공시기": "확인필요(원문 사업개요 없음)",
        "추진위조합정보": "",
        "인근부동산": "",
        "초기투자프리미엄정보": "",
        "인근시세비교": "",
        "color": "#2563eb",
        "A_stage_progress": 0.778,
        "A_stage_progress_basis": "현재단계=착공(주택), 전체 10단계 중 8번째 → 0.78",
        "A_stage_index": 8,
        "A_stage_total": 10,
        "B_pretest": 0.6,
        "B_pretest_basis": "예타상태=해당없음(공공주택특별법 지구지정, 예타 별도 절차) → 0.6 (구조적으로 예타 비대상, 감점 아님)",
        "C_delay": 0.3,
        "C_delay_basis": "지연여부=Y(입주 2025→2028상 연기) → 0.3",
        "F_upside_potential": 0.222,
        "F_upside_potential_basis": "사업단계 진척률(A)=0.78 → 잔여 개발이익 여력 = 1-A = 0.22 (초기단계일수록 향후 가격 상승여력 크고, 착공·준공에 가까울수록 이미 가격에 반영돼 여력 작다고 가정)",
        "D_infra": 0.711,
        "D_infra_basis": "연계사업 ['P101'] 의 (진척률+예타+지연) 평균 → 0.71",
        "E_price_attractiveness": 0.5,
        "E_price_attractiveness_basis": "대략가격대=해당없음(공공분양, 매매시장 아님) → 매매시장 아님(분양/인프라사업), 중립값 0.5",
        "최신업데이트일": "",
        "최신업데이트요약": "",
        "최신업데이트출처URL": ""
      }
    },
    {
      "type": "Feature",
      "geometry": {
        "type": "Point",
        "coordinates": [
          126.77,
          37.53
        ]
      },
      "properties": {
        "id": "P005",
        "사업유형": "신도시(공공주택지구)",
        "사업명": "부천대장 공공주택지구",
        "근거법": "공공주택특별법",
        "상위계획": "제4차 수도권정비계획",
        "지정주체": "국토교통부",
        "시도": "경기",
        "시군구": "부천시",
        "읍면동": "대장동·오정동 일원",
        "최초계획연도": "2019",
        "현재단계": "착공(주택)",
        "단계상세": "공정률 5%대(2025.11) SK하이닉스 입주 예정",
        "지연여부": "Y(입주 2026→2027하 연기)",
        "예타상태": "해당없음(공공주택특별법 지구지정, 예타 별도 절차)",
        "최근확인일": "2026-07-05",
        "출처URL": "https://www.mt.co.kr/estate/2025/11/28/2025112714140542442",
        "비고": "대장~홍대선 착공",
        "인프라연계id": "",
        "대략가격대": "해당없음(공공분양, 매매시장 아님)",
        "구역면적": "",
        "건축면적": "",
        "동수": "",
        "세대수": "",
        "건폐율": "",
        "용적률": "",
        "예상완공시기": "확인필요(원문 사업개요 없음)",
        "추진위조합정보": "",
        "인근부동산": "",
        "초기투자프리미엄정보": "",
        "인근시세비교": "",
        "color": "#2563eb",
        "A_stage_progress": 0.778,
        "A_stage_progress_basis": "현재단계=착공(주택), 전체 10단계 중 8번째 → 0.78",
        "A_stage_index": 8,
        "A_stage_total": 10,
        "B_pretest": 0.6,
        "B_pretest_basis": "예타상태=해당없음(공공주택특별법 지구지정, 예타 별도 절차) → 0.6 (구조적으로 예타 비대상, 감점 아님)",
        "C_delay": 0.3,
        "C_delay_basis": "지연여부=Y(입주 2026→2027하 연기) → 0.3",
        "F_upside_potential": 0.222,
        "F_upside_potential_basis": "사업단계 진척률(A)=0.78 → 잔여 개발이익 여력 = 1-A = 0.22 (초기단계일수록 향후 가격 상승여력 크고, 착공·준공에 가까울수록 이미 가격에 반영돼 여력 작다고 가정)",
        "D_infra": 0.7,
        "D_infra_basis": "인프라연계id 없음 → 데이터 미비를 벌점화하지 않기 위해 중립값 0.7",
        "E_price_attractiveness": 0.5,
        "E_price_attractiveness_basis": "대략가격대=해당없음(공공분양, 매매시장 아님) → 매매시장 아님(분양/인프라사업), 중립값 0.5",
        "최신업데이트일": "",
        "최신업데이트요약": "",
        "최신업데이트출처URL": ""
      }
    },
    {
      "type": "Feature",
      "geometry": {
        "type": "Point",
        "coordinates": [
          126.86,
          37.44
        ]
      },
      "properties": {
        "id": "P006",
        "사업유형": "신도시(공공주택지구)",
        "사업명": "광명시흥 공공주택지구",
        "근거법": "공공주택특별법",
        "상위계획": "제4차 수도권정비계획",
        "지정주체": "국토교통부",
        "시도": "경기",
        "시군구": "광명시·시흥시",
        "읍면동": "광명동·과림동 일원",
        "최초계획연도": "2021",
        "현재단계": "지구계획승인",
        "단계상세": "토지보상 진행 단계 상세 확인 필요",
        "지연여부": "N",
        "예타상태": "해당없음(공공주택특별법 지구지정, 예타 별도 절차)",
        "최근확인일": "2026-07-05",
        "출처URL": "https://namu.wiki/w/3기 신도시",
        "비고": "6번째 3기 신도시",
        "인프라연계id": "",
        "대략가격대": "해당없음(공공분양, 매매시장 아님)",
        "구역면적": "",
        "건축면적": "",
        "동수": "",
        "세대수": "",
        "건폐율": "",
        "용적률": "",
        "예상완공시기": "확인필요(원문 사업개요 없음)",
        "추진위조합정보": "",
        "인근부동산": "",
        "초기투자프리미엄정보": "",
        "인근시세비교": "",
        "color": "#2563eb",
        "A_stage_progress": 0.222,
        "A_stage_progress_basis": "현재단계=지구계획승인, 전체 10단계 중 3번째 → 0.22",
        "A_stage_index": 3,
        "A_stage_total": 10,
        "B_pretest": 0.6,
        "B_pretest_basis": "예타상태=해당없음(공공주택특별법 지구지정, 예타 별도 절차) → 0.6 (구조적으로 예타 비대상, 감점 아님)",
        "C_delay": 1.0,
        "C_delay_basis": "지연여부=N → 1.0 (지연 없음 또는 미확인, 미확인은 지연 없음으로 간주)",
        "F_upside_potential": 0.778,
        "F_upside_potential_basis": "사업단계 진척률(A)=0.22 → 잔여 개발이익 여력 = 1-A = 0.78 (초기단계일수록 향후 가격 상승여력 크고, 착공·준공에 가까울수록 이미 가격에 반영돼 여력 작다고 가정)",
        "D_infra": 0.7,
        "D_infra_basis": "인프라연계id 없음 → 데이터 미비를 벌점화하지 않기 위해 중립값 0.7",
        "E_price_attractiveness": 0.5,
        "E_price_attractiveness_basis": "대략가격대=해당없음(공공분양, 매매시장 아님) → 매매시장 아님(분양/인프라사업), 중립값 0.5",
        "최신업데이트일": "",
        "최신업데이트요약": "",
        "최신업데이트출처URL": ""
      }
    },
    {
      "type": "Feature",
      "geometry": {
        "type": "Point",
        "coordinates": [
          126.9,
          37.32
        ]
      },
      "properties": {
        "id": "P007",
        "사업유형": "신도시(공공주택지구)",
        "사업명": "의왕군포안산 공공주택지구",
        "근거법": "공공주택특별법",
        "상위계획": "제4차 수도권정비계획",
        "지정주체": "국토교통부",
        "시도": "경기",
        "시군구": "의왕시·군포시·안산시",
        "읍면동": "",
        "최초계획연도": "2021",
        "현재단계": "지구지정",
        "단계상세": "상세 확인 필요",
        "지연여부": "N",
        "예타상태": "해당없음(공공주택특별법 지구지정, 예타 별도 절차)",
        "최근확인일": "2026-07-05",
        "출처URL": "https://namu.wiki/w/3기 신도시",
        "비고": "2.4대책 추가분",
        "인프라연계id": "",
        "대략가격대": "해당없음(공공분양, 매매시장 아님)",
        "구역면적": "",
        "건축면적": "",
        "동수": "",
        "세대수": "",
        "건폐율": "",
        "용적률": "",
        "예상완공시기": "확인필요(원문 사업개요 없음)",
        "추진위조합정보": "",
        "인근부동산": "",
        "초기투자프리미엄정보": "",
        "인근시세비교": "",
        "color": "#2563eb",
        "A_stage_progress": 0.111,
        "A_stage_progress_basis": "현재단계=지구지정, 전체 10단계 중 2번째 → 0.11",
        "A_stage_index": 2,
        "A_stage_total": 10,
        "B_pretest": 0.6,
        "B_pretest_basis": "예타상태=해당없음(공공주택특별법 지구지정, 예타 별도 절차) → 0.6 (구조적으로 예타 비대상, 감점 아님)",
        "C_delay": 1.0,
        "C_delay_basis": "지연여부=N → 1.0 (지연 없음 또는 미확인, 미확인은 지연 없음으로 간주)",
        "F_upside_potential": 0.889,
        "F_upside_potential_basis": "사업단계 진척률(A)=0.11 → 잔여 개발이익 여력 = 1-A = 0.89 (초기단계일수록 향후 가격 상승여력 크고, 착공·준공에 가까울수록 이미 가격에 반영돼 여력 작다고 가정)",
        "D_infra": 0.7,
        "D_infra_basis": "인프라연계id 없음 → 데이터 미비를 벌점화하지 않기 위해 중립값 0.7",
        "E_price_attractiveness": 0.5,
        "E_price_attractiveness_basis": "대략가격대=해당없음(공공분양, 매매시장 아님) → 매매시장 아님(분양/인프라사업), 중립값 0.5",
        "최신업데이트일": "",
        "최신업데이트요약": "",
        "최신업데이트출처URL": ""
      }
    },
    {
      "type": "Feature",
      "geometry": {
        "type": "Point",
        "coordinates": [
          126.99,
          37.22
        ]
      },
      "properties": {
        "id": "P008",
        "사업유형": "신도시(공공주택지구)",
        "사업명": "화성진안 공공주택지구",
        "근거법": "공공주택특별법",
        "상위계획": "제4차 수도권정비계획",
        "지정주체": "국토교통부",
        "시도": "경기",
        "시군구": "화성시",
        "읍면동": "진안동 일원",
        "최초계획연도": "2021",
        "현재단계": "지구지정",
        "단계상세": "상세 확인 필요",
        "지연여부": "N",
        "예타상태": "해당없음(공공주택특별법 지구지정, 예타 별도 절차)",
        "최근확인일": "2026-07-05",
        "출처URL": "https://namu.wiki/w/3기 신도시",
        "비고": "2.4대책 추가분",
        "인프라연계id": "",
        "대략가격대": "해당없음(공공분양, 매매시장 아님)",
        "구역면적": "",
        "건축면적": "",
        "동수": "",
        "세대수": "",
        "건폐율": "",
        "용적률": "",
        "예상완공시기": "확인필요(원문 사업개요 없음)",
        "추진위조합정보": "",
        "인근부동산": "",
        "초기투자프리미엄정보": "",
        "인근시세비교": "",
        "color": "#2563eb",
        "A_stage_progress": 0.111,
        "A_stage_progress_basis": "현재단계=지구지정, 전체 10단계 중 2번째 → 0.11",
        "A_stage_index": 2,
        "A_stage_total": 10,
        "B_pretest": 0.6,
        "B_pretest_basis": "예타상태=해당없음(공공주택특별법 지구지정, 예타 별도 절차) → 0.6 (구조적으로 예타 비대상, 감점 아님)",
        "C_delay": 1.0,
        "C_delay_basis": "지연여부=N → 1.0 (지연 없음 또는 미확인, 미확인은 지연 없음으로 간주)",
        "F_upside_potential": 0.889,
        "F_upside_potential_basis": "사업단계 진척률(A)=0.11 → 잔여 개발이익 여력 = 1-A = 0.89 (초기단계일수록 향후 가격 상승여력 크고, 착공·준공에 가까울수록 이미 가격에 반영돼 여력 작다고 가정)",
        "D_infra": 0.7,
        "D_infra_basis": "인프라연계id 없음 → 데이터 미비를 벌점화하지 않기 위해 중립값 0.7",
        "E_price_attractiveness": 0.5,
        "E_price_attractiveness_basis": "대략가격대=해당없음(공공분양, 매매시장 아님) → 매매시장 아님(분양/인프라사업), 중립값 0.5",
        "최신업데이트일": "",
        "최신업데이트요약": "",
        "최신업데이트출처URL": ""
      }
    },
    {
      "type": "Feature",
      "geometry": {
        "type": "Point",
        "coordinates": [
          127.06,
          37.508
        ]
      },
      "properties": {
        "id": "P101",
        "사업유형": "광역교통",
        "사업명": "GTX-A (운정중앙~동탄)",
        "근거법": "광역교통법",
        "상위계획": "제4차 수도권정비계획",
        "지정주체": "국토교통부",
        "시도": "경기·서울",
        "시군구": "파주~화성",
        "읍면동": "",
        "최초계획연도": "2009",
        "현재단계": "부분개통",
        "단계상세": "남측(수서~동탄) 2024.3 북측(운정중앙~서울역) 2024.12 개통 서울~수서 직결 2026 예정 삼성역 2027~28 창릉역 2030",
        "지연여부": "Y(삼성역 공사 지연)",
        "예타상태": "통과",
        "최근확인일": "2026-07-05",
        "출처URL": "https://www.news1.kr/realestate/general/6155273",
        "비고": "대표좌표=삼성역",
        "인프라연계id": "",
        "대략가격대": "해당없음(인프라사업, 매물 아님)",
        "구역면적": "",
        "건축면적": "",
        "동수": "",
        "세대수": "",
        "건폐율": "",
        "용적률": "",
        "예상완공시기": "확인필요(원문 사업개요 없음)",
        "추진위조합정보": "",
        "인근부동산": "",
        "초기투자프리미엄정보": "",
        "인근시세비교": "",
        "color": "#dc2626",
        "A_stage_progress": 0.833,
        "A_stage_progress_basis": "현재단계=부분개통, 전체 7단계 중 6번째 → 0.83",
        "A_stage_index": 6,
        "A_stage_total": 7,
        "B_pretest": 1.0,
        "B_pretest_basis": "예타상태=통과 → 1.0",
        "C_delay": 0.3,
        "C_delay_basis": "지연여부=Y(삼성역 공사 지연) → 0.3",
        "F_upside_potential": 0.167,
        "F_upside_potential_basis": "사업단계 진척률(A)=0.83 → 잔여 개발이익 여력 = 1-A = 0.17 (초기단계일수록 향후 가격 상승여력 크고, 착공·준공에 가까울수록 이미 가격에 반영돼 여력 작다고 가정)",
        "D_infra": 0.7,
        "D_infra_basis": "인프라연계id 없음 → 데이터 미비를 벌점화하지 않기 위해 중립값 0.7",
        "E_price_attractiveness": 0.5,
        "E_price_attractiveness_basis": "대략가격대=해당없음(인프라사업, 매물 아님) → 매매시장 아님(분양/인프라사업), 중립값 0.5",
        "최신업데이트일": "",
        "최신업데이트요약": "",
        "최신업데이트출처URL": ""
      }
    },
    {
      "type": "Feature",
      "geometry": {
        "type": "Point",
        "coordinates": [
          126.978,
          37.566
        ]
      },
      "properties": {
        "id": "P102",
        "사업유형": "광역교통",
        "사업명": "GTX-B (인천대입구~마석)",
        "근거법": "광역교통법",
        "상위계획": "제4차 수도권정비계획",
        "지정주체": "국토교통부",
        "시도": "인천·서울·경기",
        "시군구": "인천~남양주",
        "읍면동": "",
        "최초계획연도": "2014",
        "현재단계": "착공",
        "단계상세": "공정 진행 중",
        "지연여부": "N",
        "예타상태": "통과",
        "최근확인일": "2026-07-05",
        "출처URL": "https://www.news1.kr/realestate/general/6155273",
        "비고": "대표좌표=서울역 인근",
        "인프라연계id": "",
        "대략가격대": "해당없음(인프라사업, 매물 아님)",
        "구역면적": "",
        "건축면적": "",
        "동수": "",
        "세대수": "",
        "건폐율": "",
        "용적률": "",
        "예상완공시기": "확인필요(원문 사업개요 없음)",
        "추진위조합정보": "",
        "인근부동산": "",
        "초기투자프리미엄정보": "",
        "인근시세비교": "",
        "color": "#dc2626",
        "A_stage_progress": 0.667,
        "A_stage_progress_basis": "현재단계=착공, 전체 7단계 중 5번째 → 0.67",
        "A_stage_index": 5,
        "A_stage_total": 7,
        "B_pretest": 1.0,
        "B_pretest_basis": "예타상태=통과 → 1.0",
        "C_delay": 1.0,
        "C_delay_basis": "지연여부=N → 1.0 (지연 없음 또는 미확인, 미확인은 지연 없음으로 간주)",
        "F_upside_potential": 0.333,
        "F_upside_potential_basis": "사업단계 진척률(A)=0.67 → 잔여 개발이익 여력 = 1-A = 0.33 (초기단계일수록 향후 가격 상승여력 크고, 착공·준공에 가까울수록 이미 가격에 반영돼 여력 작다고 가정)",
        "D_infra": 0.7,
        "D_infra_basis": "인프라연계id 없음 → 데이터 미비를 벌점화하지 않기 위해 중립값 0.7",
        "E_price_attractiveness": 0.5,
        "E_price_attractiveness_basis": "대략가격대=해당없음(인프라사업, 매물 아님) → 매매시장 아님(분양/인프라사업), 중립값 0.5",
        "최신업데이트일": "",
        "최신업데이트요약": "",
        "최신업데이트출처URL": ""
      }
    },
    {
      "type": "Feature",
      "geometry": {
        "type": "Point",
        "coordinates": [
          127.048,
          37.58
        ]
      },
      "properties": {
        "id": "P103",
        "사업유형": "광역교통",
        "사업명": "GTX-C (덕정~수원)",
        "근거법": "광역교통법",
        "상위계획": "제4차 수도권정비계획",
        "지정주체": "국토교통부",
        "시도": "경기·서울",
        "시군구": "양주~수원",
        "읍면동": "",
        "최초계획연도": "2011",
        "현재단계": "착공",
        "단계상세": "2026.4.30 실착공(중재 후) 완공 2031 이후 전망 청량리 변전소 등 현안",
        "지연여부": "Y(당초 2028→2031+ 지연)",
        "예타상태": "통과",
        "최근확인일": "2026-07-05",
        "출처URL": "https://namu.wiki/w/수도권 광역급행철도 C선",
        "비고": "대표좌표=청량리역",
        "인프라연계id": "",
        "대략가격대": "해당없음(인프라사업, 매물 아님)",
        "구역면적": "",
        "건축면적": "",
        "동수": "",
        "세대수": "",
        "건폐율": "",
        "용적률": "",
        "예상완공시기": "확인필요(원문 사업개요 없음)",
        "추진위조합정보": "",
        "인근부동산": "",
        "초기투자프리미엄정보": "",
        "인근시세비교": "",
        "color": "#dc2626",
        "A_stage_progress": 0.667,
        "A_stage_progress_basis": "현재단계=착공, 전체 7단계 중 5번째 → 0.67",
        "A_stage_index": 5,
        "A_stage_total": 7,
        "B_pretest": 1.0,
        "B_pretest_basis": "예타상태=통과 → 1.0",
        "C_delay": 0.3,
        "C_delay_basis": "지연여부=Y(당초 2028→2031+ 지연) → 0.3",
        "F_upside_potential": 0.333,
        "F_upside_potential_basis": "사업단계 진척률(A)=0.67 → 잔여 개발이익 여력 = 1-A = 0.33 (초기단계일수록 향후 가격 상승여력 크고, 착공·준공에 가까울수록 이미 가격에 반영돼 여력 작다고 가정)",
        "D_infra": 0.7,
        "D_infra_basis": "인프라연계id 없음 → 데이터 미비를 벌점화하지 않기 위해 중립값 0.7",
        "E_price_attractiveness": 0.5,
        "E_price_attractiveness_basis": "대략가격대=해당없음(인프라사업, 매물 아님) → 매매시장 아님(분양/인프라사업), 중립값 0.5",
        "최신업데이트일": "",
        "최신업데이트요약": "",
        "최신업데이트출처URL": ""
      }
    },
    {
      "type": "Feature",
      "geometry": {
        "type": "Point",
        "coordinates": [
          127.12,
          37.38
        ]
      },
      "properties": {
        "id": "P201",
        "사업유형": "재건축(노후계획도시)",
        "사업명": "분당 선도지구(양지·샛별·시범·목련 등)",
        "근거법": "노후계획도시특별법",
        "상위계획": "제4차 수도권정비계획",
        "지정주체": "성남시(입안)·경기도(결정)",
        "시도": "경기",
        "시군구": "성남시 분당구",
        "읍면동": "",
        "최초계획연도": "2024",
        "현재단계": "특별정비계획입안",
        "단계상세": "4곳 입안제안서 제출(2025 말) 용적률 평균 360% 안팎",
        "지연여부": "N",
        "예타상태": "해당없음(공공주택특별법 지구지정, 예타 별도 절차)",
        "최근확인일": "2026-07-05",
        "출처URL": "https://www.housingherald.co.kr/news/articleView.html?idxno=60035",
        "비고": "선도지구 1차",
        "인프라연계id": "",
        "대략가격대": "확인필요(조사 범위 밖)",
        "구역면적": "",
        "건축면적": "",
        "동수": "",
        "세대수": "",
        "건폐율": "",
        "용적률": "",
        "예상완공시기": "확인필요(원문 사업개요 없음)",
        "추진위조합정보": "",
        "인근부동산": "",
        "초기투자프리미엄정보": "",
        "인근시세비교": "",
        "color": "#059669",
        "A_stage_progress": 0.125,
        "A_stage_progress_basis": "현재단계=특별정비계획입안, 전체 9단계 중 2번째 → 0.12",
        "A_stage_index": 2,
        "A_stage_total": 9,
        "B_pretest": 0.6,
        "B_pretest_basis": "예타상태=해당없음(공공주택특별법 지구지정, 예타 별도 절차) → 0.6 (구조적으로 예타 비대상, 감점 아님)",
        "C_delay": 1.0,
        "C_delay_basis": "지연여부=N → 1.0 (지연 없음 또는 미확인, 미확인은 지연 없음으로 간주)",
        "F_upside_potential": 0.875,
        "F_upside_potential_basis": "사업단계 진척률(A)=0.12 → 잔여 개발이익 여력 = 1-A = 0.88 (초기단계일수록 향후 가격 상승여력 크고, 착공·준공에 가까울수록 이미 가격에 반영돼 여력 작다고 가정)",
        "D_infra": 0.7,
        "D_infra_basis": "인프라연계id 없음 → 데이터 미비를 벌점화하지 않기 위해 중립값 0.7",
        "E_price_attractiveness": 0.5,
        "E_price_attractiveness_basis": "대략가격대=확인필요(조사 범위 밖) → 미조사, 중립값 0.5",
        "최신업데이트일": "",
        "최신업데이트요약": "",
        "최신업데이트출처URL": ""
      }
    },
    {
      "type": "Feature",
      "geometry": {
        "type": "Point",
        "coordinates": [
          126.77,
          37.67
        ]
      },
      "properties": {
        "id": "P202",
        "사업유형": "재건축(노후계획도시)",
        "사업명": "일산 선도지구(백송·후곡·강촌·정발)",
        "근거법": "노후계획도시특별법",
        "상위계획": "고양시(입안)·경기도(결정)",
        "지정주체": "고양시",
        "시도": "경기",
        "시군구": "고양시 일산동구·서구",
        "읍면동": "",
        "최초계획연도": "2024",
        "현재단계": "특별정비계획입안",
        "단계상세": "구역지정 2026으로 이월 백송·후곡 자문 진행",
        "지연여부": "Y(구역지정 이월)",
        "예타상태": "해당없음(공공주택특별법 지구지정, 예타 별도 절차)",
        "최근확인일": "2026-07-05",
        "출처URL": "https://www.housingherald.co.kr/news/articleView.html?idxno=60035",
        "비고": "",
        "인프라연계id": "",
        "대략가격대": "확인필요(조사 범위 밖)",
        "구역면적": "",
        "건축면적": "",
        "동수": "",
        "세대수": "",
        "건폐율": "",
        "용적률": "",
        "예상완공시기": "확인필요(원문 사업개요 없음)",
        "추진위조합정보": "",
        "인근부동산": "",
        "초기투자프리미엄정보": "",
        "인근시세비교": "",
        "color": "#059669",
        "A_stage_progress": 0.125,
        "A_stage_progress_basis": "현재단계=특별정비계획입안, 전체 9단계 중 2번째 → 0.12",
        "A_stage_index": 2,
        "A_stage_total": 9,
        "B_pretest": 0.6,
        "B_pretest_basis": "예타상태=해당없음(공공주택특별법 지구지정, 예타 별도 절차) → 0.6 (구조적으로 예타 비대상, 감점 아님)",
        "C_delay": 0.3,
        "C_delay_basis": "지연여부=Y(구역지정 이월) → 0.3",
        "F_upside_potential": 0.875,
        "F_upside_potential_basis": "사업단계 진척률(A)=0.12 → 잔여 개발이익 여력 = 1-A = 0.88 (초기단계일수록 향후 가격 상승여력 크고, 착공·준공에 가까울수록 이미 가격에 반영돼 여력 작다고 가정)",
        "D_infra": 0.7,
        "D_infra_basis": "인프라연계id 없음 → 데이터 미비를 벌점화하지 않기 위해 중립값 0.7",
        "E_price_attractiveness": 0.5,
        "E_price_attractiveness_basis": "대략가격대=확인필요(조사 범위 밖) → 미조사, 중립값 0.5",
        "최신업데이트일": "",
        "최신업데이트요약": "",
        "최신업데이트출처URL": ""
      }
    },
    {
      "type": "Feature",
      "geometry": {
        "type": "Point",
        "coordinates": [
          126.96,
          37.39
        ]
      },
      "properties": {
        "id": "P203",
        "사업유형": "재건축(노후계획도시)",
        "사업명": "평촌 선도지구(귀인·민백)",
        "근거법": "노후계획도시특별법",
        "상위계획": "안양시(입안)·경기도(결정)",
        "지정주체": "안양시",
        "시도": "경기",
        "시군구": "안양시 동안구",
        "읍면동": "",
        "최초계획연도": "2024",
        "현재단계": "특별정비계획입안",
        "단계상세": "2곳 입안제안서 제출 민백 용적률 330%선",
        "지연여부": "N",
        "예타상태": "해당없음(공공주택특별법 지구지정, 예타 별도 절차)",
        "최근확인일": "2026-07-05",
        "출처URL": "https://www.housingherald.co.kr/news/articleView.html?idxno=60035",
        "비고": "",
        "인프라연계id": "",
        "대략가격대": "확인필요(조사 범위 밖)",
        "구역면적": "",
        "건축면적": "",
        "동수": "",
        "세대수": "",
        "건폐율": "",
        "용적률": "",
        "예상완공시기": "확인필요(원문 사업개요 없음)",
        "추진위조합정보": "",
        "인근부동산": "",
        "초기투자프리미엄정보": "",
        "인근시세비교": "",
        "color": "#059669",
        "A_stage_progress": 0.125,
        "A_stage_progress_basis": "현재단계=특별정비계획입안, 전체 9단계 중 2번째 → 0.12",
        "A_stage_index": 2,
        "A_stage_total": 9,
        "B_pretest": 0.6,
        "B_pretest_basis": "예타상태=해당없음(공공주택특별법 지구지정, 예타 별도 절차) → 0.6 (구조적으로 예타 비대상, 감점 아님)",
        "C_delay": 1.0,
        "C_delay_basis": "지연여부=N → 1.0 (지연 없음 또는 미확인, 미확인은 지연 없음으로 간주)",
        "F_upside_potential": 0.875,
        "F_upside_potential_basis": "사업단계 진척률(A)=0.12 → 잔여 개발이익 여력 = 1-A = 0.88 (초기단계일수록 향후 가격 상승여력 크고, 착공·준공에 가까울수록 이미 가격에 반영돼 여력 작다고 가정)",
        "D_infra": 0.7,
        "D_infra_basis": "인프라연계id 없음 → 데이터 미비를 벌점화하지 않기 위해 중립값 0.7",
        "E_price_attractiveness": 0.5,
        "E_price_attractiveness_basis": "대략가격대=확인필요(조사 범위 밖) → 미조사, 중립값 0.5",
        "최신업데이트일": "",
        "최신업데이트요약": "",
        "최신업데이트출처URL": ""
      }
    },
    {
      "type": "Feature",
      "geometry": {
        "type": "Point",
        "coordinates": [
          126.76,
          37.5
        ]
      },
      "properties": {
        "id": "P204",
        "사업유형": "재건축(노후계획도시)",
        "사업명": "중동 선도지구(은하마을·반달마을A)",
        "근거법": "노후계획도시특별법",
        "상위계획": "부천시(입안)·경기도(결정)",
        "지정주체": "부천시",
        "시도": "경기",
        "시군구": "부천시 원미구",
        "읍면동": "중동",
        "최초계획연도": "2024",
        "현재단계": "특별정비구역지정",
        "단계상세": "은하마을 특별정비구역 지정·고시 완료(2026.6) 반달A는 LH 협약 후 연내 지정 추진",
        "지연여부": "N",
        "예타상태": "해당없음(공공주택특별법 지구지정, 예타 별도 절차)",
        "최근확인일": "2026-07-05",
        "출처URL": "https://www.etoday.co.kr/news/view/2593709",
        "비고": "은하마을=4개 단지 통합",
        "인프라연계id": "",
        "대략가격대": "확인필요(조사 범위 밖)",
        "구역면적": "",
        "건축면적": "",
        "동수": "",
        "세대수": "",
        "건폐율": "",
        "용적률": "",
        "예상완공시기": "확인필요(원문 사업개요 없음)",
        "추진위조합정보": "",
        "인근부동산": "",
        "초기투자프리미엄정보": "",
        "인근시세비교": "",
        "color": "#059669",
        "A_stage_progress": 0.25,
        "A_stage_progress_basis": "현재단계=특별정비구역지정, 전체 9단계 중 3번째 → 0.25",
        "A_stage_index": 3,
        "A_stage_total": 9,
        "B_pretest": 0.6,
        "B_pretest_basis": "예타상태=해당없음(공공주택특별법 지구지정, 예타 별도 절차) → 0.6 (구조적으로 예타 비대상, 감점 아님)",
        "C_delay": 1.0,
        "C_delay_basis": "지연여부=N → 1.0 (지연 없음 또는 미확인, 미확인은 지연 없음으로 간주)",
        "F_upside_potential": 0.75,
        "F_upside_potential_basis": "사업단계 진척률(A)=0.25 → 잔여 개발이익 여력 = 1-A = 0.75 (초기단계일수록 향후 가격 상승여력 크고, 착공·준공에 가까울수록 이미 가격에 반영돼 여력 작다고 가정)",
        "D_infra": 0.7,
        "D_infra_basis": "인프라연계id 없음 → 데이터 미비를 벌점화하지 않기 위해 중립값 0.7",
        "E_price_attractiveness": 0.5,
        "E_price_attractiveness_basis": "대략가격대=확인필요(조사 범위 밖) → 미조사, 중립값 0.5",
        "최신업데이트일": "",
        "최신업데이트요약": "",
        "최신업데이트출처URL": ""
      }
    },
    {
      "type": "Feature",
      "geometry": {
        "type": "Point",
        "coordinates": [
          126.93,
          37.36
        ]
      },
      "properties": {
        "id": "P205",
        "사업유형": "재건축(노후계획도시)",
        "사업명": "산본 선도지구(9-2구역 등)",
        "근거법": "노후계획도시특별법",
        "상위계획": "군포시(입안)·경기도(결정)",
        "지정주체": "군포시",
        "시도": "경기",
        "시군구": "군포시",
        "읍면동": "산본동",
        "최초계획연도": "2024",
        "현재단계": "사업시행자지정",
        "단계상세": "9-2구역 1기 신도시 최초 특별정비구역 지정(2025.12)+LH 사업시행자 선정(2026.3)+사업시행약정 체결",
        "지연여부": "N",
        "예타상태": "해당없음(공공주택특별법 지구지정, 예타 별도 절차)",
        "최근확인일": "2026-07-05",
        "출처URL": "https://www.etoday.co.kr/news/view/2593709",
        "비고": "1기 신도시 전체 선행 사례",
        "인프라연계id": "",
        "대략가격대": "확인필요(조사 범위 밖)",
        "구역면적": "",
        "건축면적": "",
        "동수": "",
        "세대수": "",
        "건폐율": "",
        "용적률": "",
        "예상완공시기": "확인필요(원문 사업개요 없음)",
        "추진위조합정보": "",
        "인근부동산": "",
        "초기투자프리미엄정보": "",
        "인근시세비교": "",
        "color": "#059669",
        "A_stage_progress": 0.375,
        "A_stage_progress_basis": "현재단계=사업시행자지정, 전체 9단계 중 4번째 → 0.38",
        "A_stage_index": 4,
        "A_stage_total": 9,
        "B_pretest": 0.6,
        "B_pretest_basis": "예타상태=해당없음(공공주택특별법 지구지정, 예타 별도 절차) → 0.6 (구조적으로 예타 비대상, 감점 아님)",
        "C_delay": 1.0,
        "C_delay_basis": "지연여부=N → 1.0 (지연 없음 또는 미확인, 미확인은 지연 없음으로 간주)",
        "F_upside_potential": 0.625,
        "F_upside_potential_basis": "사업단계 진척률(A)=0.38 → 잔여 개발이익 여력 = 1-A = 0.62 (초기단계일수록 향후 가격 상승여력 크고, 착공·준공에 가까울수록 이미 가격에 반영돼 여력 작다고 가정)",
        "D_infra": 0.7,
        "D_infra_basis": "인프라연계id 없음 → 데이터 미비를 벌점화하지 않기 위해 중립값 0.7",
        "E_price_attractiveness": 0.5,
        "E_price_attractiveness_basis": "대략가격대=확인필요(조사 범위 밖) → 미조사, 중립값 0.5",
        "최신업데이트일": "",
        "최신업데이트요약": "",
        "최신업데이트출처URL": ""
      }
    },
    {
      "type": "Feature",
      "geometry": {
        "type": "Point",
        "coordinates": [
          126.704434,
          37.489886
        ]
      },
      "properties": {
        "id": "P301",
        "사업유형": "재건축(도시정비법)",
        "사업명": "현대3단지",
        "근거법": "도시정비법",
        "상위계획": "2030 인천광역시 도시·주거환경정비기본계획",
        "지정주체": "인천광역시 부평구청",
        "시도": "인천",
        "시군구": "부평구",
        "읍면동": "산곡동",
        "최초계획연도": "",
        "현재단계": "추진위승인",
        "단계상세": "인천시 추정분담금 정보시스템(2026.7 기준) 조회 결과",
        "지연여부": "N",
        "예타상태": "해당없음(도시정비법 조합사업, 예타 비대상)",
        "최근확인일": "2026-07-18",
        "출처URL": "https://renewal.incheon.go.kr/ires/program/0000-0011-0025/program/business/search.do",
        "비고": "대표지번: 산곡동 370-399. 좌표는 동단위 근사치. 가격대는 단계기반 추정치, 실제 시세 미검증",
        "인프라연계id": "",
        "대략가격대": "2억~3억(추정)",
        "구역면적": "",
        "건축면적": "",
        "동수": "",
        "세대수": "",
        "건폐율": "",
        "용적률": "",
        "예상완공시기": "확인필요(원문 사업개요 없음)",
        "추진위조합정보": "부평현대1·2·3단지 통합재건축 논의 중 — 3단지 단독 1,200세대(1989-09 입주, 14개동, 최고15층, 용적률203%, 건폐율18%). 1·2·3단지 합산 시 약 5,000가구(1단지2,204/2단지1,496/3단지1,200), 단지별 용적률 차이(182%/157%/203%)로 청산 과정 갈등 가능성 보도(인천in, 2026-07-20 검색 기준)",
        "인근부동산": "산곡동 소재 개별업체 미확인(2026-07-20, 당근 동네업체 목록에 산곡동 소재로 명확히 표시된 번호 있는 업체 없음) — 인접 부평동 거성공인중개사사무소 032-511-0777 / 도도공인중개사사무소 032-362-5220 참고 가능",
        "초기투자프리미엄정보": "관련 블로그·카페·SNS 프리미엄 정보 검색 결과 없음(2026-07-20 확인)",
        "인근시세비교": "인근 신축 참고단지: 산곡1구역 푸르지오APT(입주 완료) / 인근 재개발 진행 중: 산곡6구역(2,706세대, 분양 진행) — 정확한 실거래가는 호갱노노 등에서 단지명으로 직접 확인 필요(2026-07-20 리서치, 구체적 가격 미검증)",
        "color": "#7c3aed",
        "A_stage_progress": 0.286,
        "A_stage_progress_basis": "현재단계=추진위승인, 전체 8단계 중 3번째 → 0.29",
        "A_stage_index": 3,
        "A_stage_total": 8,
        "B_pretest": 0.6,
        "B_pretest_basis": "예타상태=해당없음(도시정비법 조합사업, 예타 비대상) → 0.6 (구조적으로 예타 비대상, 감점 아님)",
        "C_delay": 1.0,
        "C_delay_basis": "지연여부=N → 1.0 (지연 없음 또는 미확인, 미확인은 지연 없음으로 간주)",
        "F_upside_potential": 0.714,
        "F_upside_potential_basis": "사업단계 진척률(A)=0.29 → 잔여 개발이익 여력 = 1-A = 0.71 (초기단계일수록 향후 가격 상승여력 크고, 착공·준공에 가까울수록 이미 가격에 반영돼 여력 작다고 가정)",
        "D_infra": 0.7,
        "D_infra_basis": "인프라연계id 없음 → 데이터 미비를 벌점화하지 않기 위해 중립값 0.7",
        "E_price_attractiveness": 0.4,
        "E_price_attractiveness_basis": "대략가격대=2억~3억(추정) → 0.4 (가격 낮을수록 소액투자 매력도 높음)",
        "최신업데이트일": "",
        "최신업데이트요약": "",
        "최신업데이트출처URL": ""
      }
    },
    {
      "type": "Feature",
      "geometry": {
        "type": "Point",
        "coordinates": [
          126.701273,
          37.503595
        ]
      },
      "properties": {
        "id": "P302",
        "사업유형": "재건축(도시정비법)",
        "사업명": "한양아파트2단지",
        "근거법": "도시정비법",
        "상위계획": "2030 인천광역시 도시·주거환경정비기본계획",
        "지정주체": "인천광역시 부평구청",
        "시도": "인천",
        "시군구": "부평구",
        "읍면동": "산곡동",
        "최초계획연도": "",
        "현재단계": "추진위승인",
        "단계상세": "인천시 추정분담금 정보시스템(2026.7 기준) 조회 결과",
        "지연여부": "N",
        "예타상태": "해당없음(도시정비법 조합사업, 예타 비대상)",
        "최근확인일": "2026-07-18",
        "출처URL": "https://renewal.incheon.go.kr/ires/program/0000-0011-0025/program/business/search.do",
        "비고": "대표지번: 산곡동 182. 좌표는 동단위 근사치. 가격대는 단계기반 추정치, 실제 시세 미검증",
        "인프라연계id": "",
        "대략가격대": "2억~3억(추정)",
        "구역면적": "55,964",
        "건축면적": "13,129.01",
        "동수": "0",
        "세대수": "0",
        "건폐율": "26.13",
        "용적률": "249.96",
        "예상완공시기": "확인필요(착공일 정보 없음)",
        "추진위조합정보": "재건축 최고 29층, 총 1,118세대 추정, 비례율 95.11% 보도(검색결과 요약 기준, 원문 재확인 권장, 2026-07-20)",
        "인근부동산": "산곡동 소재 개별업체 미확인(2026-07-20, 당근 동네업체 목록에 산곡동 소재로 명확히 표시된 번호 있는 업체 없음) — 인접 부평동 거성공인중개사사무소 032-511-0777 / 도도공인중개사사무소 032-362-5220 참고 가능",
        "초기투자프리미엄정보": "관련 블로그·카페·SNS 프리미엄 정보 검색 결과 없음(2026-07-20 확인)",
        "인근시세비교": "인근 신축 참고단지: 산곡1구역 푸르지오APT(입주 완료) / 인근 재개발 진행 중: 산곡6구역(2,706세대, 분양 진행) — 정확한 실거래가는 호갱노노 등에서 단지명으로 직접 확인 필요(2026-07-20 리서치, 구체적 가격 미검증)",
        "color": "#7c3aed",
        "A_stage_progress": 0.286,
        "A_stage_progress_basis": "현재단계=추진위승인, 전체 8단계 중 3번째 → 0.29",
        "A_stage_index": 3,
        "A_stage_total": 8,
        "B_pretest": 0.6,
        "B_pretest_basis": "예타상태=해당없음(도시정비법 조합사업, 예타 비대상) → 0.6 (구조적으로 예타 비대상, 감점 아님)",
        "C_delay": 1.0,
        "C_delay_basis": "지연여부=N → 1.0 (지연 없음 또는 미확인, 미확인은 지연 없음으로 간주)",
        "F_upside_potential": 0.714,
        "F_upside_potential_basis": "사업단계 진척률(A)=0.29 → 잔여 개발이익 여력 = 1-A = 0.71 (초기단계일수록 향후 가격 상승여력 크고, 착공·준공에 가까울수록 이미 가격에 반영돼 여력 작다고 가정)",
        "D_infra": 0.7,
        "D_infra_basis": "인프라연계id 없음 → 데이터 미비를 벌점화하지 않기 위해 중립값 0.7",
        "E_price_attractiveness": 0.4,
        "E_price_attractiveness_basis": "대략가격대=2억~3억(추정) → 0.4 (가격 낮을수록 소액투자 매력도 높음)",
        "최신업데이트일": "",
        "최신업데이트요약": "",
        "최신업데이트출처URL": ""
      }
    },
    {
      "type": "Feature",
      "geometry": {
        "type": "Point",
        "coordinates": [
          126.712842,
          37.485805
        ]
      },
      "properties": {
        "id": "P303",
        "사업유형": "주거환경개선",
        "사업명": "하하골마을(현지개량)",
        "근거법": "도시정비법(현지개량방식 주거환경개선사업)+도시재생법(국비 마중물, 도시재생 뉴딜 인정사업)",
        "상위계획": "2030 인천광역시 도시·주거환경정비기본계획",
        "지정주체": "인천광역시 부평구청",
        "시도": "인천",
        "시군구": "부평구",
        "읍면동": "부평동",
        "최초계획연도": "",
        "현재단계": "준공",
        "단계상세": "인천시 추정분담금 정보시스템(2026.7 기준) 조회 결과 → 원문(iurc.or.kr) 확인 결과 실질 사업내용은 도시재생 뉴딜(인정사업)로 정정",
        "지연여부": "N",
        "예타상태": "해당없음(도시재생 뉴딜 인정사업, 국비 마중물사업 예타 비대상)",
        "최근확인일": "2026-07-19",
        "출처URL": "https://www.iurc.or.kr/bbs/board.php?bo_table=b_31&wr_id=40",
        "비고": "대표지번: 부평동 767-27 일원(총면적 758㎡, 백운역~동수역 사이. 인천시 추정분담금시스템은 767-23으로 표기해 지번이 두 원문간 약간 다름). 좌표는 역간 근사치, 정확한 필지 좌표 아님. 사업내용은 도로개선·공영주차장·커뮤니티센터·작은도서관 등 공공시설 건립이며 신축 분양주택 공급이 없어 매물/실거래 자체가 존재하지 않음 — 투자 대상으로 보기 부적절",
        "인프라연계id": "",
        "대략가격대": "해당없음(공공시설 건립사업, 매물 아님)",
        "구역면적": "45,363",
        "건축면적": "",
        "동수": "",
        "세대수": "",
        "건폐율": "",
        "용적률": "",
        "예상완공시기": "준공됨",
        "추진위조합정보": "",
        "인근부동산": "",
        "초기투자프리미엄정보": "",
        "인근시세비교": "",
        "color": "#0891b2",
        "A_stage_progress": 1.0,
        "A_stage_progress_basis": "현재단계=준공, 전체 8단계 중 8번째 → 1.00",
        "A_stage_index": 8,
        "A_stage_total": 8,
        "B_pretest": 0.6,
        "B_pretest_basis": "예타상태=해당없음(도시재생 뉴딜 인정사업, 국비 마중물사업 예타 비대상) → 0.6 (구조적으로 예타 비대상, 감점 아님)",
        "C_delay": 1.0,
        "C_delay_basis": "지연여부=N → 1.0 (지연 없음 또는 미확인, 미확인은 지연 없음으로 간주)",
        "F_upside_potential": 0.0,
        "F_upside_potential_basis": "사업단계 진척률(A)=1.00 → 잔여 개발이익 여력 = 1-A = 0.00 (초기단계일수록 향후 가격 상승여력 크고, 착공·준공에 가까울수록 이미 가격에 반영돼 여력 작다고 가정)",
        "D_infra": 0.7,
        "D_infra_basis": "인프라연계id 없음 → 데이터 미비를 벌점화하지 않기 위해 중립값 0.7",
        "E_price_attractiveness": 0.5,
        "E_price_attractiveness_basis": "대략가격대=해당없음(공공시설 건립사업, 매물 아님) → 매매시장 아님(분양/인프라사업), 중립값 0.5",
        "최신업데이트일": "",
        "최신업데이트요약": "",
        "최신업데이트출처URL": ""
      }
    },
    {
      "type": "Feature",
      "geometry": {
        "type": "Point",
        "coordinates": [
          126.700174,
          37.474092
        ]
      },
      "properties": {
        "id": "P304",
        "사업유형": "재개발",
        "사업명": "하정초동측(십정6) / 정비구역후보지(23년 2차)",
        "근거법": "도시정비법",
        "상위계획": "2030 인천광역시 도시·주거환경정비기본계획",
        "지정주체": "인천광역시 부평구청",
        "시도": "인천",
        "시군구": "부평구",
        "읍면동": "십정동",
        "최초계획연도": "",
        "현재단계": "정비구역지정",
        "단계상세": "인천시 추정분담금 정보시스템(2026.7 기준) 조회 결과",
        "지연여부": "N",
        "예타상태": "해당없음(도시정비법 조합사업, 예타 비대상)",
        "최근확인일": "2026-07-18",
        "출처URL": "https://renewal.incheon.go.kr/ires/program/0000-0011-0025/program/business/search.do",
        "비고": "대표지번: 십정동 397번지 일원. 좌표는 동단위 근사치. 가격대는 단계기반 추정치, 실제 시세 미검증",
        "인프라연계id": "",
        "대략가격대": "5천만원대~1억(추정)",
        "구역면적": "80,723.9",
        "건축면적": "",
        "동수": "",
        "세대수": "",
        "건폐율": "",
        "용적률": "",
        "예상완공시기": "확인필요(착공일 정보 없음)",
        "추진위조합정보": "정비구역지정 단계 — 추진위원회 미구성(2026-07-20 확인, 인천시 정비사업 정보시스템 renewal.incheon.go.kr 사업개요 기준)",
        "인근부동산": "부동산 판(더샵부평점) 010-8028-1848; 골든크로스 부동산 032-441-7771(십정동 소재, 2026-07-20 당근 동네업체 목록 기준)",
        "초기투자프리미엄정보": "추진위 미구성 단계라 조합원 프리미엄 개념이 아직 형성되지 않음(2026-07-20 확인, 블로그·카페 검색에서도 관련 정보 없음)",
        "인근시세비교": "인근 신축 참고단지: 힐스테이트부평(십정동 642, 2023년 준공) / 대단지 더샵부평센트럴시티(십정동 630) — 정확한 실거래가는 호갱노노 등에서 단지명으로 직접 확인 필요(2026-07-20 리서치, 구체적 가격 미검증)",
        "color": "#db2777",
        "A_stage_progress": 0.143,
        "A_stage_progress_basis": "현재단계=정비구역지정, 전체 8단계 중 2번째 → 0.14",
        "A_stage_index": 2,
        "A_stage_total": 8,
        "B_pretest": 0.6,
        "B_pretest_basis": "예타상태=해당없음(도시정비법 조합사업, 예타 비대상) → 0.6 (구조적으로 예타 비대상, 감점 아님)",
        "C_delay": 1.0,
        "C_delay_basis": "지연여부=N → 1.0 (지연 없음 또는 미확인, 미확인은 지연 없음으로 간주)",
        "F_upside_potential": 0.857,
        "F_upside_potential_basis": "사업단계 진척률(A)=0.14 → 잔여 개발이익 여력 = 1-A = 0.86 (초기단계일수록 향후 가격 상승여력 크고, 착공·준공에 가까울수록 이미 가격에 반영돼 여력 작다고 가정)",
        "D_infra": 0.7,
        "D_infra_basis": "인프라연계id 없음 → 데이터 미비를 벌점화하지 않기 위해 중립값 0.7",
        "E_price_attractiveness": 0.85,
        "E_price_attractiveness_basis": "대략가격대=5천만원대~1억(추정) → 0.85 (가격 낮을수록 소액투자 매력도 높음)",
        "최신업데이트일": "",
        "최신업데이트요약": "",
        "최신업데이트출처URL": ""
      }
    },
    {
      "type": "Feature",
      "geometry": {
        "type": "Point",
        "coordinates": [
          126.715252,
          37.50505
        ]
      },
      "properties": {
        "id": "P305",
        "사업유형": "재건축(도시정비법)",
        "사업명": "청천대진아파트구역",
        "근거법": "도시정비법",
        "상위계획": "2030 인천광역시 도시·주거환경정비기본계획",
        "지정주체": "인천광역시 부평구청",
        "시도": "인천",
        "시군구": "부평구",
        "읍면동": "청천2동",
        "최초계획연도": "",
        "현재단계": "사업시행인가",
        "단계상세": "인천시 추정분담금 정보시스템(2026.7 기준) 조회 결과",
        "지연여부": "N",
        "예타상태": "해당없음(도시정비법 조합사업, 예타 비대상)",
        "최근확인일": "2026-07-18",
        "출처URL": "https://renewal.incheon.go.kr/ires/program/0000-0011-0025/program/business/search.do",
        "비고": "대표지번: 청천2동 236번지 일원. 좌표는 동단위 근사치. 가격대는 단계기반 추정치, 실제 시세 미검증",
        "인프라연계id": "",
        "대략가격대": "3억+(추정)",
        "구역면적": "14,512.1",
        "건축면적": "2,730.42",
        "동수": "6",
        "세대수": "401",
        "건폐율": "19.06",
        "용적률": "249.04",
        "예상완공시기": "확인필요(착공일 정보 없음)",
        "추진위조합정보": "청천동 236번지 일원(2011 정비구역지정), 14,512㎡, 지하2~지상29층 6개동 401세대. 시공 한화건설. 사업시행인가 후 10월 조합원분양공고 계획 보도 — 정확한 연도는 원문 재확인 필요. 출처: 인천투데이 등(2026-07-20 검색)",
        "인근부동산": "부평 복덩이 부동산 010-4797-7999(청천동·산곡동 소재 — 번호는 검색으로만 확인돼 신뢰도 상대적으로 낮음, 2026-07-20); 뉴타운그랑힐스공인중개사사무소(청천동, 전화번호 미확인)",
        "초기투자프리미엄정보": "관련 블로그·카페·SNS 프리미엄 정보 검색 결과 없음(2026-07-20 확인)",
        "인근시세비교": "인근 신축 참고단지: e편한세상부평그랑힐스(청천동) — 정확한 실거래가는 호갱노노 등에서 단지명으로 직접 확인 필요(2026-07-20 리서치, 구체적 가격 미검증)",
        "color": "#7c3aed",
        "A_stage_progress": 0.571,
        "A_stage_progress_basis": "현재단계=사업시행인가, 전체 8단계 중 5번째 → 0.57",
        "A_stage_index": 5,
        "A_stage_total": 8,
        "B_pretest": 0.6,
        "B_pretest_basis": "예타상태=해당없음(도시정비법 조합사업, 예타 비대상) → 0.6 (구조적으로 예타 비대상, 감점 아님)",
        "C_delay": 1.0,
        "C_delay_basis": "지연여부=N → 1.0 (지연 없음 또는 미확인, 미확인은 지연 없음으로 간주)",
        "F_upside_potential": 0.429,
        "F_upside_potential_basis": "사업단계 진척률(A)=0.57 → 잔여 개발이익 여력 = 1-A = 0.43 (초기단계일수록 향후 가격 상승여력 크고, 착공·준공에 가까울수록 이미 가격에 반영돼 여력 작다고 가정)",
        "D_infra": 0.7,
        "D_infra_basis": "인프라연계id 없음 → 데이터 미비를 벌점화하지 않기 위해 중립값 0.7",
        "E_price_attractiveness": 0.15,
        "E_price_attractiveness_basis": "대략가격대=3억+(추정) → 0.15 (가격 낮을수록 소액투자 매력도 높음)",
        "최신업데이트일": "",
        "최신업데이트요약": "",
        "최신업데이트출처URL": ""
      }
    },
    {
      "type": "Feature",
      "geometry": {
        "type": "Point",
        "coordinates": [
          126.703346,
          37.517966
        ]
      },
      "properties": {
        "id": "P306",
        "사업유형": "재개발",
        "사업명": "청천4구역 / 정비구역후보지(23년 2차)",
        "근거법": "도시정비법",
        "상위계획": "2030 인천광역시 도시·주거환경정비기본계획",
        "지정주체": "인천광역시 부평구청",
        "시도": "인천",
        "시군구": "부평구",
        "읍면동": "청천동",
        "최초계획연도": "",
        "현재단계": "추진위승인",
        "단계상세": "인천시 추정분담금 정보시스템(2026.7 기준) 조회 결과",
        "지연여부": "N",
        "예타상태": "해당없음(도시정비법 조합사업, 예타 비대상)",
        "최근확인일": "2026-07-18",
        "출처URL": "https://renewal.incheon.go.kr/ires/program/0000-0011-0025/program/business/search.do",
        "비고": "대표지번: 청천동 16-8번지 일원. 좌표는 동단위 근사치. 가격대는 단계기반 추정치, 실제 시세 미검증",
        "인프라연계id": "",
        "대략가격대": "5천만원대~1억(추정)",
        "구역면적": "42,385",
        "건축면적": "",
        "동수": "",
        "세대수": "",
        "건폐율": "",
        "용적률": "",
        "예상완공시기": "확인필요(착공일 정보 없음)",
        "추진위조합정보": "현재단계=추진위승인(db 자체 추적값, 최근확인일 2026-07-05 기준) — 다만 추진위원회 명칭·사무실 연락처는 뉴스·인천시 정비사업 정보시스템에서 특정하지 못함(2026-07-20 검색 시도, renewal.incheon.go.kr 사업개요 페이지에도 조직정보 없음)",
        "인근부동산": "부평 복덩이 부동산 010-4797-7999(청천동·산곡동 소재 — 당근 동네업체 목록엔 이름만 확인되고 번호는 별도 검색으로만 확인돼 신뢰도 상대적으로 낮음, 2026-07-20); 뉴타운그랑힐스공인중개사사무소(청천동, 전화번호 미확인)",
        "초기투자프리미엄정보": "추진위승인 초기 단계로 관련 블로그·카페 프리미엄 정보 검색 결과 없음(2026-07-20 확인) — 통상 프리미엄 거래는 조합설립인가 이후 활성화되는 경우가 많음",
        "인근시세비교": "인근 신축 참고단지: e편한세상부평그랑힐스(청천동) — 정확한 실거래가는 호갱노노 등에서 단지명으로 직접 확인 필요(2026-07-20 리서치, 구체적 가격 미검증)",
        "color": "#db2777",
        "A_stage_progress": 0.286,
        "A_stage_progress_basis": "현재단계=추진위승인, 전체 8단계 중 3번째 → 0.29",
        "A_stage_index": 3,
        "A_stage_total": 8,
        "B_pretest": 0.6,
        "B_pretest_basis": "예타상태=해당없음(도시정비법 조합사업, 예타 비대상) → 0.6 (구조적으로 예타 비대상, 감점 아님)",
        "C_delay": 1.0,
        "C_delay_basis": "지연여부=N → 1.0 (지연 없음 또는 미확인, 미확인은 지연 없음으로 간주)",
        "F_upside_potential": 0.714,
        "F_upside_potential_basis": "사업단계 진척률(A)=0.29 → 잔여 개발이익 여력 = 1-A = 0.71 (초기단계일수록 향후 가격 상승여력 크고, 착공·준공에 가까울수록 이미 가격에 반영돼 여력 작다고 가정)",
        "D_infra": 0.7,
        "D_infra_basis": "인프라연계id 없음 → 데이터 미비를 벌점화하지 않기 위해 중립값 0.7",
        "E_price_attractiveness": 0.85,
        "E_price_attractiveness_basis": "대략가격대=5천만원대~1억(추정) → 0.85 (가격 낮을수록 소액투자 매력도 높음)",
        "최신업데이트일": "",
        "최신업데이트요약": "",
        "최신업데이트출처URL": ""
      }
    },
    {
      "type": "Feature",
      "geometry": {
        "type": "Point",
        "coordinates": [
          126.702078,
          37.512473
        ]
      },
      "properties": {
        "id": "P307",
        "사업유형": "재건축(도시정비법)",
        "사업명": "진흥·동남",
        "근거법": "도시정비법",
        "상위계획": "2030 인천광역시 도시·주거환경정비기본계획",
        "지정주체": "인천광역시 부평구청",
        "시도": "인천",
        "시군구": "부평구",
        "읍면동": "산곡동",
        "최초계획연도": "",
        "현재단계": "추진위승인",
        "단계상세": "인천시 추정분담금 정보시스템(2026.7 기준) 조회 결과",
        "지연여부": "N",
        "예타상태": "해당없음(도시정비법 조합사업, 예타 비대상)",
        "최근확인일": "2026-07-18",
        "출처URL": "https://renewal.incheon.go.kr/ires/program/0000-0011-0025/program/business/search.do",
        "비고": "대표지번: 산곡동 38-26. 좌표는 동단위 근사치. 가격대는 단계기반 추정치, 실제 시세 미검증",
        "인프라연계id": "",
        "대략가격대": "2억~3억(추정)",
        "구역면적": "",
        "건축면적": "",
        "동수": "",
        "세대수": "",
        "건폐율": "",
        "용적률": "",
        "예상완공시기": "확인필요(원문 사업개요 없음)",
        "추진위조합정보": "추진위승인 단계(db 추적값) — 검색으로 조합/추진위 명칭·연락처를 특정하지 못함(2026-07-20 시도). '진흥·동남'은 인접한 진흥아파트·동남아파트 통합 재건축을 지칭하는 것으로 추정되나 확인 안됨",
        "인근부동산": "산곡동 소재 개별업체 미확인(2026-07-20, 당근 동네업체 목록에 산곡동 소재로 명확히 표시된 번호 있는 업체 없음) — 인접 부평동 거성공인중개사사무소 032-511-0777 / 도도공인중개사사무소 032-362-5220 참고 가능",
        "초기투자프리미엄정보": "관련 블로그·카페·SNS 프리미엄 정보 검색 결과 없음(2026-07-20 확인)",
        "인근시세비교": "인근 신축 참고단지: 산곡1구역 푸르지오APT(입주 완료) / 인근 재개발 진행 중: 산곡6구역(2,706세대, 분양 진행) — 정확한 실거래가는 호갱노노 등에서 단지명으로 직접 확인 필요(2026-07-20 리서치, 구체적 가격 미검증)",
        "color": "#7c3aed",
        "A_stage_progress": 0.286,
        "A_stage_progress_basis": "현재단계=추진위승인, 전체 8단계 중 3번째 → 0.29",
        "A_stage_index": 3,
        "A_stage_total": 8,
        "B_pretest": 0.6,
        "B_pretest_basis": "예타상태=해당없음(도시정비법 조합사업, 예타 비대상) → 0.6 (구조적으로 예타 비대상, 감점 아님)",
        "C_delay": 1.0,
        "C_delay_basis": "지연여부=N → 1.0 (지연 없음 또는 미확인, 미확인은 지연 없음으로 간주)",
        "F_upside_potential": 0.714,
        "F_upside_potential_basis": "사업단계 진척률(A)=0.29 → 잔여 개발이익 여력 = 1-A = 0.71 (초기단계일수록 향후 가격 상승여력 크고, 착공·준공에 가까울수록 이미 가격에 반영돼 여력 작다고 가정)",
        "D_infra": 0.7,
        "D_infra_basis": "인프라연계id 없음 → 데이터 미비를 벌점화하지 않기 위해 중립값 0.7",
        "E_price_attractiveness": 0.4,
        "E_price_attractiveness_basis": "대략가격대=2억~3억(추정) → 0.4 (가격 낮을수록 소액투자 매력도 높음)",
        "최신업데이트일": "",
        "최신업데이트요약": "",
        "최신업데이트출처URL": ""
      }
    },
    {
      "type": "Feature",
      "geometry": {
        "type": "Point",
        "coordinates": [
          126.742738,
          37.484671
        ]
      },
      "properties": {
        "id": "P308",
        "사업유형": "주거환경개선",
        "사업명": "일신동(현지개량)",
        "근거법": "도시정비법",
        "상위계획": "2030 인천광역시 도시·주거환경정비기본계획",
        "지정주체": "인천광역시 부평구청",
        "시도": "인천",
        "시군구": "부평구",
        "읍면동": "일신동",
        "최초계획연도": "",
        "현재단계": "정비구역지정",
        "단계상세": "인천시 추정분담금 정보시스템(2026.7 기준) 조회 결과",
        "지연여부": "N",
        "예타상태": "해당없음(도시정비법 조합사업, 예타 비대상)",
        "최근확인일": "2026-07-19",
        "출처URL": "https://renewal.incheon.go.kr/ires/program/0000-0011-0025/program/business/search.do",
        "비고": "대표지번: 일신동 106-29. 기존 좌표(37.5205,126.7051)가 일신동 행정경계 바깥이라 동 중심좌표로 정정(필지 단위 아님). '하하골마을(현지개량)'과 동일한 분류라 실제로는 도시재생 뉴딜사업(공공시설 건립, 매물 없음)일 가능성 있으나 원문 미확인 — 가격대는 확인 전까지 미산정",
        "인프라연계id": "",
        "대략가격대": "확인필요(하하골마을과 동일 유형, 도시재생사업 여부 원문 미확인)",
        "구역면적": "",
        "건축면적": "",
        "동수": "",
        "세대수": "",
        "건폐율": "",
        "용적률": "",
        "예상완공시기": "확인필요(원문 사업개요 없음)",
        "추진위조합정보": "군부대(예비군훈련장 등) 이전 관련 부지라는 언급만 확인, 구체적인 정비사업 추진위/조합 정보는 검색으로 확인 안됨(2026-07-20) — '현지개량'형은 일반 재건축·재개발과 달리 개별 필지 단위 개량이라 통합 추진위/조합 자체가 없을 가능성 있음",
        "인근부동산": "일신동 소재 개별업체 확인 안됨(2026-07-20)",
        "초기투자프리미엄정보": "관련 블로그·카페·SNS 프리미엄 정보 검색 결과 없음(2026-07-20 확인)",
        "인근시세비교": "일신동은 개별 필지 단위 현지개량형이라 비교 대상 신축단지 자체가 없음(2026-07-20 확인)",
        "color": "#0891b2",
        "A_stage_progress": 0.143,
        "A_stage_progress_basis": "현재단계=정비구역지정, 전체 8단계 중 2번째 → 0.14",
        "A_stage_index": 2,
        "A_stage_total": 8,
        "B_pretest": 0.6,
        "B_pretest_basis": "예타상태=해당없음(도시정비법 조합사업, 예타 비대상) → 0.6 (구조적으로 예타 비대상, 감점 아님)",
        "C_delay": 1.0,
        "C_delay_basis": "지연여부=N → 1.0 (지연 없음 또는 미확인, 미확인은 지연 없음으로 간주)",
        "F_upside_potential": 0.857,
        "F_upside_potential_basis": "사업단계 진척률(A)=0.14 → 잔여 개발이익 여력 = 1-A = 0.86 (초기단계일수록 향후 가격 상승여력 크고, 착공·준공에 가까울수록 이미 가격에 반영돼 여력 작다고 가정)",
        "D_infra": 0.7,
        "D_infra_basis": "인프라연계id 없음 → 데이터 미비를 벌점화하지 않기 위해 중립값 0.7",
        "E_price_attractiveness": 0.5,
        "E_price_attractiveness_basis": "대략가격대=확인필요(하하골마을과 동일 유형, 도시재생사업 여부 원문 미확인) → 미조사, 중립값 0.5",
        "최신업데이트일": "",
        "최신업데이트요약": "",
        "최신업데이트출처URL": ""
      }
    },
    {
      "type": "Feature",
      "geometry": {
        "type": "Point",
        "coordinates": [
          126.695519,
          37.472361
        ]
      },
      "properties": {
        "id": "P309",
        "사업유형": "재개발",
        "사업명": "십정초주변(십정1) / 정비구역후보지(23년 2차)",
        "근거법": "도시정비법",
        "상위계획": "2030 인천광역시 도시·주거환경정비기본계획",
        "지정주체": "인천광역시 부평구청",
        "시도": "인천",
        "시군구": "부평구",
        "읍면동": "십정동",
        "최초계획연도": "",
        "현재단계": "정비구역지정",
        "단계상세": "인천시 추정분담금 정보시스템(2026.7 기준) 조회 결과",
        "지연여부": "N",
        "예타상태": "해당없음(도시정비법 조합사업, 예타 비대상)",
        "최근확인일": "2026-07-18",
        "출처URL": "https://renewal.incheon.go.kr/ires/program/0000-0011-0025/program/business/search.do",
        "비고": "대표지번: 십정동 355-1번지 일원. 좌표는 동단위 근사치. 가격대는 단계기반 추정치, 실제 시세 미검증",
        "인프라연계id": "",
        "대략가격대": "5천만원대~1억(추정)",
        "구역면적": "205,088",
        "건축면적": "",
        "동수": "",
        "세대수": "",
        "건폐율": "",
        "용적률": "",
        "예상완공시기": "확인필요(착공일 정보 없음)",
        "추진위조합정보": "정비구역지정 단계 — 추진위원회 미구성(2026-07-20 확인, 인천시 정비사업 정보시스템 renewal.incheon.go.kr 사업개요 기준)",
        "인근부동산": "부동산 판(더샵부평점) 010-8028-1848; 골든크로스 부동산 032-441-7771(십정동 소재, 2026-07-20 당근 동네업체 목록 기준)",
        "초기투자프리미엄정보": "추진위 미구성 단계라 조합원 프리미엄 개념이 아직 형성되지 않음(2026-07-20 확인, 블로그·카페 검색에서도 관련 정보 없음)",
        "인근시세비교": "인근 신축 참고단지: 힐스테이트부평(십정동 642, 2023년 준공) / 대단지 더샵부평센트럴시티(십정동 630) — 정확한 실거래가는 호갱노노 등에서 단지명으로 직접 확인 필요(2026-07-20 리서치, 구체적 가격 미검증)",
        "color": "#db2777",
        "A_stage_progress": 0.143,
        "A_stage_progress_basis": "현재단계=정비구역지정, 전체 8단계 중 2번째 → 0.14",
        "A_stage_index": 2,
        "A_stage_total": 8,
        "B_pretest": 0.6,
        "B_pretest_basis": "예타상태=해당없음(도시정비법 조합사업, 예타 비대상) → 0.6 (구조적으로 예타 비대상, 감점 아님)",
        "C_delay": 1.0,
        "C_delay_basis": "지연여부=N → 1.0 (지연 없음 또는 미확인, 미확인은 지연 없음으로 간주)",
        "F_upside_potential": 0.857,
        "F_upside_potential_basis": "사업단계 진척률(A)=0.14 → 잔여 개발이익 여력 = 1-A = 0.86 (초기단계일수록 향후 가격 상승여력 크고, 착공·준공에 가까울수록 이미 가격에 반영돼 여력 작다고 가정)",
        "D_infra": 0.7,
        "D_infra_basis": "인프라연계id 없음 → 데이터 미비를 벌점화하지 않기 위해 중립값 0.7",
        "E_price_attractiveness": 0.85,
        "E_price_attractiveness_basis": "대략가격대=5천만원대~1억(추정) → 0.85 (가격 낮을수록 소액투자 매력도 높음)",
        "최신업데이트일": "",
        "최신업데이트요약": "",
        "최신업데이트출처URL": ""
      }
    },
    {
      "type": "Feature",
      "geometry": {
        "type": "Point",
        "coordinates": [
          126.696301,
          37.468684
        ]
      },
      "properties": {
        "id": "P310",
        "사업유형": "재개발",
        "사업명": "십정5구역",
        "근거법": "도시정비법",
        "상위계획": "2030 인천광역시 도시·주거환경정비기본계획",
        "지정주체": "인천광역시 부평구청",
        "시도": "인천",
        "시군구": "부평구",
        "읍면동": "십정동",
        "최초계획연도": "",
        "현재단계": "관리처분",
        "단계상세": "인천시 추정분담금 정보시스템(2026.7 기준) 조회 결과",
        "지연여부": "N",
        "예타상태": "해당없음(도시정비법 조합사업, 예타 비대상)",
        "최근확인일": "2026-07-18",
        "출처URL": "https://renewal.incheon.go.kr/ires/program/0000-0011-0025/program/business/search.do",
        "비고": "대표지번: 십정동 460-22번지 일원. 좌표는 동단위 근사치. 가격대는 단계기반 추정치, 실제 시세 미검증",
        "인프라연계id": "",
        "대략가격대": "2억~3억(추정)",
        "구역면적": "94,474",
        "건축면적": "14,479.73",
        "동수": "23",
        "세대수": "2,217",
        "건폐율": "19.98",
        "용적률": "284.51",
        "예상완공시기": "확인필요(착공일 정보 없음)",
        "추진위조합정보": "십정동 460-22번지 일원 — 정비계획 결정 및 정비구역 지정 고시 확인(db 추적 현재단계는 이후 관리처분까지 진전). 세대수·시공사 등은 검색으로 특정 못함(2026-07-20)",
        "인근부동산": "부동산 판(더샵부평점) 010-8028-1848; 골든크로스 부동산 032-441-7771(십정동 소재, 2026-07-20 당근 동네업체 목록 기준)",
        "초기투자프리미엄정보": "관련 블로그·카페·SNS 프리미엄 정보 검색 결과 없음(2026-07-20 확인)",
        "인근시세비교": "인근 신축 참고단지: 힐스테이트부평(십정동 642, 2023년 준공) / 대단지 더샵부평센트럴시티(십정동 630) — 정확한 실거래가는 호갱노노 등에서 단지명으로 직접 확인 필요(2026-07-20 리서치, 구체적 가격 미검증)",
        "color": "#db2777",
        "A_stage_progress": 0.714,
        "A_stage_progress_basis": "현재단계=관리처분, 전체 8단계 중 6번째 → 0.71",
        "A_stage_index": 6,
        "A_stage_total": 8,
        "B_pretest": 0.6,
        "B_pretest_basis": "예타상태=해당없음(도시정비법 조합사업, 예타 비대상) → 0.6 (구조적으로 예타 비대상, 감점 아님)",
        "C_delay": 1.0,
        "C_delay_basis": "지연여부=N → 1.0 (지연 없음 또는 미확인, 미확인은 지연 없음으로 간주)",
        "F_upside_potential": 0.286,
        "F_upside_potential_basis": "사업단계 진척률(A)=0.71 → 잔여 개발이익 여력 = 1-A = 0.29 (초기단계일수록 향후 가격 상승여력 크고, 착공·준공에 가까울수록 이미 가격에 반영돼 여력 작다고 가정)",
        "D_infra": 0.7,
        "D_infra_basis": "인프라연계id 없음 → 데이터 미비를 벌점화하지 않기 위해 중립값 0.7",
        "E_price_attractiveness": 0.4,
        "E_price_attractiveness_basis": "대략가격대=2억~3억(추정) → 0.4 (가격 낮을수록 소액투자 매력도 높음)",
        "최신업데이트일": "",
        "최신업데이트요약": "",
        "최신업데이트출처URL": ""
      }
    },
    {
      "type": "Feature",
      "geometry": {
        "type": "Point",
        "coordinates": [
          126.699371,
          37.480631
        ]
      },
      "properties": {
        "id": "P311",
        "사업유형": "재개발",
        "사업명": "십정4구역",
        "근거법": "도시정비법",
        "상위계획": "2030 인천광역시 도시·주거환경정비기본계획",
        "지정주체": "인천광역시 부평구청",
        "시도": "인천",
        "시군구": "부평구",
        "읍면동": "십정동",
        "최초계획연도": "",
        "현재단계": "관리처분",
        "단계상세": "인천시 추정분담금 정보시스템(2026.7 기준) 조회 결과",
        "지연여부": "N",
        "예타상태": "해당없음(도시정비법 조합사업, 예타 비대상)",
        "최근확인일": "2026-07-18",
        "출처URL": "https://renewal.incheon.go.kr/ires/program/0000-0011-0025/program/business/search.do",
        "비고": "대표지번: 십정동 166-1번지 일원. 좌표는 동단위 근사치. 가격대는 단계기반 추정치, 실제 시세 미검증",
        "인프라연계id": "",
        "대략가격대": "2억~3억(추정)",
        "구역면적": "45,196.1",
        "건축면적": "0",
        "동수": "0",
        "세대수": "967",
        "건폐율": "0",
        "용적률": "0",
        "예상완공시기": "확인필요(착공일 정보 없음)",
        "추진위조합정보": "십정동 166-1번지 일대, 45,191.1㎡, 지하3~지상35층 962세대(조합원분양641/일반분양262/보류지9). 2024-09-24 임시총회에서 대우건설 시공사 선정, 관리처분총회는 익년 상반기 계획 보도 — db 추적 현재단계는 이후 관리처분인가까지 진전. 출처: 하우징헤럴드/RC뉴스(2026-07-20 검색)",
        "인근부동산": "부동산 판(더샵부평점) 010-8028-1848; 골든크로스 부동산 032-441-7771(십정동 소재, 2026-07-20 당근 동네업체 목록 기준)",
        "초기투자프리미엄정보": "관련 블로그·카페·SNS 프리미엄 정보 검색 결과 없음(2026-07-20 확인)",
        "인근시세비교": "인근 신축 참고단지: 힐스테이트부평(십정동 642, 2023년 준공) / 대단지 더샵부평센트럴시티(십정동 630) — 정확한 실거래가는 호갱노노 등에서 단지명으로 직접 확인 필요(2026-07-20 리서치, 구체적 가격 미검증)",
        "color": "#db2777",
        "A_stage_progress": 0.714,
        "A_stage_progress_basis": "현재단계=관리처분, 전체 8단계 중 6번째 → 0.71",
        "A_stage_index": 6,
        "A_stage_total": 8,
        "B_pretest": 0.6,
        "B_pretest_basis": "예타상태=해당없음(도시정비법 조합사업, 예타 비대상) → 0.6 (구조적으로 예타 비대상, 감점 아님)",
        "C_delay": 1.0,
        "C_delay_basis": "지연여부=N → 1.0 (지연 없음 또는 미확인, 미확인은 지연 없음으로 간주)",
        "F_upside_potential": 0.286,
        "F_upside_potential_basis": "사업단계 진척률(A)=0.71 → 잔여 개발이익 여력 = 1-A = 0.29 (초기단계일수록 향후 가격 상승여력 크고, 착공·준공에 가까울수록 이미 가격에 반영돼 여력 작다고 가정)",
        "D_infra": 0.7,
        "D_infra_basis": "인프라연계id 없음 → 데이터 미비를 벌점화하지 않기 위해 중립값 0.7",
        "E_price_attractiveness": 0.4,
        "E_price_attractiveness_basis": "대략가격대=2억~3억(추정) → 0.4 (가격 낮을수록 소액투자 매력도 높음)",
        "최신업데이트일": "",
        "최신업데이트요약": "",
        "최신업데이트출처URL": ""
      }
    },
    {
      "type": "Feature",
      "geometry": {
        "type": "Point",
        "coordinates": [
          126.702019,
          37.476795
        ]
      },
      "properties": {
        "id": "P312",
        "사업유형": "재개발",
        "사업명": "십정3구역",
        "근거법": "도시정비법",
        "상위계획": "2030 인천광역시 도시·주거환경정비기본계획",
        "지정주체": "인천광역시 부평구청",
        "시도": "인천",
        "시군구": "부평구",
        "읍면동": "십정동",
        "최초계획연도": "",
        "현재단계": "관리처분",
        "단계상세": "인천시 추정분담금 정보시스템(2026.7 기준) 조회 결과",
        "지연여부": "N",
        "예타상태": "해당없음(도시정비법 조합사업, 예타 비대상)",
        "최근확인일": "2026-07-18",
        "출처URL": "https://renewal.incheon.go.kr/ires/program/0000-0011-0025/program/business/search.do",
        "비고": "대표지번: 십정동 432번지 일원. 좌표는 동단위 근사치. 가격대는 단계기반 추정치, 실제 시세 미검증",
        "인프라연계id": "",
        "대략가격대": "2억~3억(추정)",
        "구역면적": "34,552",
        "건축면적": "5,548.59",
        "동수": "10",
        "세대수": "761",
        "건폐율": "20.05",
        "용적률": "270.43",
        "예상완공시기": "확인필요(착공일 정보 없음)",
        "추진위조합정보": "십정동 432번지 일대, 지하3~지상36층 9개동 761가구. 2009 사업시행인가 후 약 12년 만에 관리처분인가. 출처: 하우징헤럴드/위클리한국주택경제신문(2026-07-20 검색)",
        "인근부동산": "부동산 판(더샵부평점) 010-8028-1848; 골든크로스 부동산 032-441-7771(십정동 소재, 2026-07-20 당근 동네업체 목록 기준)",
        "초기투자프리미엄정보": "관련 블로그·카페·SNS 프리미엄 정보 검색 결과 없음(2026-07-20 확인)",
        "인근시세비교": "인근 신축 참고단지: 힐스테이트부평(십정동 642, 2023년 준공) / 대단지 더샵부평센트럴시티(십정동 630) — 정확한 실거래가는 호갱노노 등에서 단지명으로 직접 확인 필요(2026-07-20 리서치, 구체적 가격 미검증)",
        "color": "#db2777",
        "A_stage_progress": 0.714,
        "A_stage_progress_basis": "현재단계=관리처분, 전체 8단계 중 6번째 → 0.71",
        "A_stage_index": 6,
        "A_stage_total": 8,
        "B_pretest": 0.6,
        "B_pretest_basis": "예타상태=해당없음(도시정비법 조합사업, 예타 비대상) → 0.6 (구조적으로 예타 비대상, 감점 아님)",
        "C_delay": 1.0,
        "C_delay_basis": "지연여부=N → 1.0 (지연 없음 또는 미확인, 미확인은 지연 없음으로 간주)",
        "F_upside_potential": 0.286,
        "F_upside_potential_basis": "사업단계 진척률(A)=0.71 → 잔여 개발이익 여력 = 1-A = 0.29 (초기단계일수록 향후 가격 상승여력 크고, 착공·준공에 가까울수록 이미 가격에 반영돼 여력 작다고 가정)",
        "D_infra": 0.7,
        "D_infra_basis": "인프라연계id 없음 → 데이터 미비를 벌점화하지 않기 위해 중립값 0.7",
        "E_price_attractiveness": 0.4,
        "E_price_attractiveness_basis": "대략가격대=2억~3억(추정) → 0.4 (가격 낮을수록 소액투자 매력도 높음)",
        "최신업데이트일": "",
        "최신업데이트요약": "",
        "최신업데이트출처URL": ""
      }
    },
    {
      "type": "Feature",
      "geometry": {
        "type": "Point",
        "coordinates": [
          126.710288,
          37.487693
        ]
      },
      "properties": {
        "id": "P313",
        "사업유형": "재개발",
        "사업명": "신촌구역",
        "근거법": "도시정비법",
        "상위계획": "2030 인천광역시 도시·주거환경정비기본계획",
        "지정주체": "인천광역시 부평구청",
        "시도": "인천",
        "시군구": "부평구",
        "읍면동": "부평동",
        "최초계획연도": "",
        "현재단계": "관리처분",
        "단계상세": "인천시 추정분담금 정보시스템(2026.7 기준) 조회 결과",
        "지연여부": "N",
        "예타상태": "해당없음(도시정비법 조합사업, 예타 비대상)",
        "최근확인일": "2026-07-18",
        "출처URL": "https://renewal.incheon.go.kr/ires/program/0000-0011-0025/program/business/search.do",
        "비고": "대표지번: 부평동 283-66번지 일원. 좌표는 동단위 근사치. 가격대는 단계기반 추정치, 실제 시세 미검증",
        "인프라연계id": "",
        "대략가격대": "2억~3억(추정)",
        "구역면적": "97,731",
        "건축면적": "10,011.14",
        "동수": "17",
        "세대수": "2,298",
        "건폐율": "15.13",
        "용적률": "342.97",
        "예상완공시기": "확인필요(착공일 정보 없음)",
        "추진위조합정보": "부평동 283-66번지 일대, 97,731㎡, 최고40층 17개동 2,297가구. 2025-12-10 관리처분계획 인가 고시. 시공사 롯데건설-DL이앤씨 컨소시엄(2019-03 총회 선정). 백운역 역세권, 부평서중·부평고·부평서여중 인접, 부평공원 인접. 출처: 리얼캐스트/민주신문(2026-07-20 검색)",
        "인근부동산": "거성공인중개사사무소 032-511-0777; 도도공인중개사사무소 032-362-5220(부평동 소재, 2026-07-20 당근 동네업체 목록 기준)",
        "초기투자프리미엄정보": "관련 블로그·카페·SNS 프리미엄 정보 검색 결과 없음(2026-07-20 확인)",
        "인근시세비교": "인근 신축 참고단지: e편한세상 부평역 센트럴파크(부평2구역, 2024-12 입주) / 구축 참고단지: 부평동아1단지, 부평1동한국 — 정확한 실거래가는 호갱노노 등에서 단지명으로 직접 확인 필요(2026-07-20 리서치, 구체적 가격 미검증)",
        "color": "#db2777",
        "A_stage_progress": 0.714,
        "A_stage_progress_basis": "현재단계=관리처분, 전체 8단계 중 6번째 → 0.71",
        "A_stage_index": 6,
        "A_stage_total": 8,
        "B_pretest": 0.6,
        "B_pretest_basis": "예타상태=해당없음(도시정비법 조합사업, 예타 비대상) → 0.6 (구조적으로 예타 비대상, 감점 아님)",
        "C_delay": 1.0,
        "C_delay_basis": "지연여부=N → 1.0 (지연 없음 또는 미확인, 미확인은 지연 없음으로 간주)",
        "F_upside_potential": 0.286,
        "F_upside_potential_basis": "사업단계 진척률(A)=0.71 → 잔여 개발이익 여력 = 1-A = 0.29 (초기단계일수록 향후 가격 상승여력 크고, 착공·준공에 가까울수록 이미 가격에 반영돼 여력 작다고 가정)",
        "D_infra": 0.7,
        "D_infra_basis": "인프라연계id 없음 → 데이터 미비를 벌점화하지 않기 위해 중립값 0.7",
        "E_price_attractiveness": 0.4,
        "E_price_attractiveness_basis": "대략가격대=2억~3억(추정) → 0.4 (가격 낮을수록 소액투자 매력도 높음)",
        "최신업데이트일": "",
        "최신업데이트요약": "",
        "최신업데이트출처URL": ""
      }
    },
    {
      "type": "Feature",
      "geometry": {
        "type": "Point",
        "coordinates": [
          126.736471,
          37.518333
        ]
      },
      "properties": {
        "id": "P314",
        "사업유형": "재건축(도시정비법)",
        "사업명": "삼산대보아파트구역",
        "근거법": "도시정비법",
        "상위계획": "2030 인천광역시 도시·주거환경정비기본계획",
        "지정주체": "인천광역시 부평구청",
        "시도": "인천",
        "시군구": "부평구",
        "읍면동": "삼산동",
        "최초계획연도": "",
        "현재단계": "착공",
        "단계상세": "인천시 추정분담금 정보시스템(2026.7 기준) 조회 결과",
        "지연여부": "N",
        "예타상태": "해당없음(도시정비법 조합사업, 예타 비대상)",
        "최근확인일": "2026-07-18",
        "출처URL": "https://renewal.incheon.go.kr/ires/program/0000-0011-0025/program/business/search.do",
        "비고": "대표지번: 삼산동 191번지 일원. 좌표는 동단위 근사치. 가격대는 단계기반 추정치, 실제 시세 미검증",
        "인프라연계id": "",
        "대략가격대": "3억+(추정)",
        "구역면적": "18,513",
        "건축면적": "4,313.26",
        "동수": "6",
        "세대수": "500",
        "건폐율": "26.19",
        "용적률": "289.28",
        "예상완공시기": "2027년 3월경(착공일 2024-09-30 + 30개월 추정)",
        "추진위조합정보": "'두산위브 더센트럴 부평' — 시행 삼산대보아파트구역 주택재건축정비사업조합, 시공 두산건설, 지하4~지상최고25층 6개동 500세대(조합원300+일반분양141+임대18). 2024-10-22~23 청약 진행(일반분양 141세대: 50㎡16/52㎡22/63㎡103세대, 서울경제 기사 원문 직접 확인). 분양가·경쟁률 구체 수치는 검색 요약에만 등장해 재확인 안됨",
        "인근부동산": "삼산동 소재 개별업체 확인 안됨(2026-07-20) — 당근·호갱노노 등에서 직접 확인 권장",
        "초기투자프리미엄정보": "관련 블로그·카페·SNS 프리미엄 정보 검색 결과 없음(2026-07-20 확인)",
        "인근시세비교": "인근 참고단지: 삼산타운1단지, 삼산타운2단지(삼산동) — 정확한 실거래가는 호갱노노 등에서 단지명으로 직접 확인 필요(2026-07-20 리서치, 구체적 가격 미검증)",
        "color": "#7c3aed",
        "A_stage_progress": 0.857,
        "A_stage_progress_basis": "현재단계=착공, 전체 8단계 중 7번째 → 0.86",
        "A_stage_index": 7,
        "A_stage_total": 8,
        "B_pretest": 0.6,
        "B_pretest_basis": "예타상태=해당없음(도시정비법 조합사업, 예타 비대상) → 0.6 (구조적으로 예타 비대상, 감점 아님)",
        "C_delay": 1.0,
        "C_delay_basis": "지연여부=N → 1.0 (지연 없음 또는 미확인, 미확인은 지연 없음으로 간주)",
        "F_upside_potential": 0.143,
        "F_upside_potential_basis": "사업단계 진척률(A)=0.86 → 잔여 개발이익 여력 = 1-A = 0.14 (초기단계일수록 향후 가격 상승여력 크고, 착공·준공에 가까울수록 이미 가격에 반영돼 여력 작다고 가정)",
        "D_infra": 0.7,
        "D_infra_basis": "인프라연계id 없음 → 데이터 미비를 벌점화하지 않기 위해 중립값 0.7",
        "E_price_attractiveness": 0.15,
        "E_price_attractiveness_basis": "대략가격대=3억+(추정) → 0.15 (가격 낮을수록 소액투자 매력도 높음)",
        "최신업데이트일": "",
        "최신업데이트요약": "",
        "최신업데이트출처URL": ""
      }
    },
    {
      "type": "Feature",
      "geometry": {
        "type": "Point",
        "coordinates": [
          126.696806,
          37.503301
        ]
      },
      "properties": {
        "id": "P315",
        "사업유형": "재건축(도시정비법)",
        "사업명": "산곡재원아파트구역",
        "근거법": "도시정비법",
        "상위계획": "2030 인천광역시 도시·주거환경정비기본계획",
        "지정주체": "인천광역시 부평구청",
        "시도": "인천",
        "시군구": "부평구",
        "읍면동": "산곡1동",
        "최초계획연도": "",
        "현재단계": "관리처분",
        "단계상세": "인천시 추정분담금 정보시스템(2026.7 기준) 조회 결과",
        "지연여부": "N",
        "예타상태": "해당없음(도시정비법 조합사업, 예타 비대상)",
        "최근확인일": "2026-07-18",
        "출처URL": "https://renewal.incheon.go.kr/ires/program/0000-0011-0025/program/business/search.do",
        "비고": "대표지번: 산곡1동 180-329번지 일원. 좌표는 동단위 근사치. 가격대는 단계기반 추정치, 실제 시세 미검증",
        "인프라연계id": "",
        "대략가격대": "3억+(추정)",
        "구역면적": "11,261",
        "건축면적": "2,829.72",
        "동수": "4",
        "세대수": "294",
        "건폐율": "25.13",
        "용적률": "231.16",
        "예상완공시기": "확인필요(착공일 정보 없음)",
        "추진위조합정보": "산곡동 180-329번지 외 3필지, 11,261㎡. 2021 조합설립인가, 2022-05 관리처분계획인가, 2024-11-06 관리처분계획 변경인가 고시. 출처: 위클리한국주택경제신문(2026-07-20 검색)",
        "인근부동산": "산곡동 소재 개별업체 미확인(2026-07-20, 당근 동네업체 목록에 산곡동 소재로 명확히 표시된 번호 있는 업체 없음) — 인접 부평동 거성공인중개사사무소 032-511-0777 / 도도공인중개사사무소 032-362-5220 참고 가능",
        "초기투자프리미엄정보": "관련 블로그·카페·SNS 프리미엄 정보 검색 결과 없음(2026-07-20 확인)",
        "인근시세비교": "인근 신축 참고단지: 산곡1구역 푸르지오APT(입주 완료) / 인근 재개발 진행 중: 산곡6구역(2,706세대, 분양 진행) — 정확한 실거래가는 호갱노노 등에서 단지명으로 직접 확인 필요(2026-07-20 리서치, 구체적 가격 미검증)",
        "color": "#7c3aed",
        "A_stage_progress": 0.714,
        "A_stage_progress_basis": "현재단계=관리처분, 전체 8단계 중 6번째 → 0.71",
        "A_stage_index": 6,
        "A_stage_total": 8,
        "B_pretest": 0.6,
        "B_pretest_basis": "예타상태=해당없음(도시정비법 조합사업, 예타 비대상) → 0.6 (구조적으로 예타 비대상, 감점 아님)",
        "C_delay": 1.0,
        "C_delay_basis": "지연여부=N → 1.0 (지연 없음 또는 미확인, 미확인은 지연 없음으로 간주)",
        "F_upside_potential": 0.286,
        "F_upside_potential_basis": "사업단계 진척률(A)=0.71 → 잔여 개발이익 여력 = 1-A = 0.29 (초기단계일수록 향후 가격 상승여력 크고, 착공·준공에 가까울수록 이미 가격에 반영돼 여력 작다고 가정)",
        "D_infra": 0.7,
        "D_infra_basis": "인프라연계id 없음 → 데이터 미비를 벌점화하지 않기 위해 중립값 0.7",
        "E_price_attractiveness": 0.15,
        "E_price_attractiveness_basis": "대략가격대=3억+(추정) → 0.15 (가격 낮을수록 소액투자 매력도 높음)",
        "최신업데이트일": "",
        "최신업데이트요약": "",
        "최신업데이트출처URL": ""
      }
    },
    {
      "type": "Feature",
      "geometry": {
        "type": "Point",
        "coordinates": [
          126.702068,
          37.506496
        ]
      },
      "properties": {
        "id": "P316",
        "사업유형": "재개발",
        "사업명": "산곡구역",
        "근거법": "도시정비법",
        "상위계획": "2030 인천광역시 도시·주거환경정비기본계획",
        "지정주체": "인천광역시 부평구청",
        "시도": "인천",
        "시군구": "부평구",
        "읍면동": "산곡동",
        "최초계획연도": "",
        "현재단계": "착공",
        "단계상세": "인천시 추정분담금 정보시스템(2026.7 기준) 조회 결과",
        "지연여부": "N",
        "예타상태": "해당없음(도시정비법 조합사업, 예타 비대상)",
        "최근확인일": "2026-07-18",
        "출처URL": "https://renewal.incheon.go.kr/ires/program/0000-0011-0025/program/business/search.do",
        "비고": "대표지번: 산곡동 87-903번지 일원. 좌표는 동단위 근사치. 가격대는 단계기반 추정치, 실제 시세 미검증",
        "인프라연계id": "",
        "대략가격대": "2억~3억(추정)",
        "구역면적": "115,976.4",
        "건축면적": "23,264.7",
        "동수": "14",
        "세대수": "2,475",
        "건폐율": "27.34",
        "용적률": "344.1",
        "예상완공시기": "2027년 2월경(착공일 2024-08-08 + 30개월 추정)",
        "추진위조합정보": "산곡동 87-903번지 일원, 14개동 지하3~지상45층, 공공주택 2,475세대. 2010-06 조합설립인가, 2017-12 시공사 교체(대우·현대건설→효성중공업·진흥기업), 2022-05 관리처분계획인가, 2024-07-24 착공신고서 제출, 공사기간 43개월로 2028-02 준공 목표. 출처: 인천투데이 2024-07-30 (원문 직접 확인)",
        "인근부동산": "산곡동 소재 개별업체 미확인(2026-07-20, 당근 동네업체 목록에 산곡동 소재로 명확히 표시된 번호 있는 업체 없음) — 인접 부평동 거성공인중개사사무소 032-511-0777 / 도도공인중개사사무소 032-362-5220 참고 가능",
        "초기투자프리미엄정보": "관련 블로그·카페·SNS 프리미엄 정보 검색 결과 없음(2026-07-20 확인)",
        "인근시세비교": "인근 신축 참고단지: 산곡1구역 푸르지오APT(입주 완료) / 인근 재개발 진행 중: 산곡6구역(2,706세대, 분양 진행) — 정확한 실거래가는 호갱노노 등에서 단지명으로 직접 확인 필요(2026-07-20 리서치, 구체적 가격 미검증)",
        "color": "#db2777",
        "A_stage_progress": 0.857,
        "A_stage_progress_basis": "현재단계=착공, 전체 8단계 중 7번째 → 0.86",
        "A_stage_index": 7,
        "A_stage_total": 8,
        "B_pretest": 0.6,
        "B_pretest_basis": "예타상태=해당없음(도시정비법 조합사업, 예타 비대상) → 0.6 (구조적으로 예타 비대상, 감점 아님)",
        "C_delay": 1.0,
        "C_delay_basis": "지연여부=N → 1.0 (지연 없음 또는 미확인, 미확인은 지연 없음으로 간주)",
        "F_upside_potential": 0.143,
        "F_upside_potential_basis": "사업단계 진척률(A)=0.86 → 잔여 개발이익 여력 = 1-A = 0.14 (초기단계일수록 향후 가격 상승여력 크고, 착공·준공에 가까울수록 이미 가격에 반영돼 여력 작다고 가정)",
        "D_infra": 0.7,
        "D_infra_basis": "인프라연계id 없음 → 데이터 미비를 벌점화하지 않기 위해 중립값 0.7",
        "E_price_attractiveness": 0.4,
        "E_price_attractiveness_basis": "대략가격대=2억~3억(추정) → 0.4 (가격 낮을수록 소액투자 매력도 높음)",
        "최신업데이트일": "",
        "최신업데이트요약": "",
        "최신업데이트출처URL": ""
      }
    },
    {
      "type": "Feature",
      "geometry": {
        "type": "Point",
        "coordinates": [
          126.703735,
          37.497014
        ]
      },
      "properties": {
        "id": "P317",
        "사업유형": "재개발",
        "사업명": "산곡7구역",
        "근거법": "도시정비법",
        "상위계획": "2030 인천광역시 도시·주거환경정비기본계획",
        "지정주체": "인천광역시 부평구청",
        "시도": "인천",
        "시군구": "부평구",
        "읍면동": "산곡동",
        "최초계획연도": "",
        "현재단계": "사업시행인가",
        "단계상세": "인천시 추정분담금 정보시스템(2026.7 기준) 조회 결과",
        "지연여부": "N",
        "예타상태": "해당없음(도시정비법 조합사업, 예타 비대상)",
        "최근확인일": "2026-07-18",
        "출처URL": "https://renewal.incheon.go.kr/ires/program/0000-0011-0025/program/business/search.do",
        "비고": "대표지번: 산곡동 225-2번지 일원. 좌표는 동단위 근사치. 가격대는 단계기반 추정치, 실제 시세 미검증",
        "인프라연계id": "",
        "대략가격대": "1억~2억(추정)",
        "구역면적": "84,118",
        "건축면적": "0",
        "동수": "14",
        "세대수": "1,536",
        "건폐율": "20.13",
        "용적률": "237.48",
        "예상완공시기": "확인필요(착공일 정보 없음)",
        "추진위조합정보": "산곡동 225-2번지 일원, 대지면적 85,395㎡, 아파트 1,496세대(지하2~지상12~26층 18개동) — 조합원분양 689세대·일반분양 552세대·임대 255세대(검색결과 요약 기준, 원문 재확인 권장, 2026-07-20)",
        "인근부동산": "산곡동 소재 개별업체 미확인(2026-07-20, 당근 동네업체 목록에 산곡동 소재로 명확히 표시된 번호 있는 업체 없음) — 인접 부평동 거성공인중개사사무소 032-511-0777 / 도도공인중개사사무소 032-362-5220 참고 가능",
        "초기투자프리미엄정보": "관련 블로그·카페·SNS 프리미엄 정보 검색 결과 없음(2026-07-20 확인)",
        "인근시세비교": "인근 신축 참고단지: 산곡1구역 푸르지오APT(입주 완료) / 인근 재개발 진행 중: 산곡6구역(2,706세대, 분양 진행) — 정확한 실거래가는 호갱노노 등에서 단지명으로 직접 확인 필요(2026-07-20 리서치, 구체적 가격 미검증)",
        "color": "#db2777",
        "A_stage_progress": 0.571,
        "A_stage_progress_basis": "현재단계=사업시행인가, 전체 8단계 중 5번째 → 0.57",
        "A_stage_index": 5,
        "A_stage_total": 8,
        "B_pretest": 0.6,
        "B_pretest_basis": "예타상태=해당없음(도시정비법 조합사업, 예타 비대상) → 0.6 (구조적으로 예타 비대상, 감점 아님)",
        "C_delay": 1.0,
        "C_delay_basis": "지연여부=N → 1.0 (지연 없음 또는 미확인, 미확인은 지연 없음으로 간주)",
        "F_upside_potential": 0.429,
        "F_upside_potential_basis": "사업단계 진척률(A)=0.57 → 잔여 개발이익 여력 = 1-A = 0.43 (초기단계일수록 향후 가격 상승여력 크고, 착공·준공에 가까울수록 이미 가격에 반영돼 여력 작다고 가정)",
        "D_infra": 0.7,
        "D_infra_basis": "인프라연계id 없음 → 데이터 미비를 벌점화하지 않기 위해 중립값 0.7",
        "E_price_attractiveness": 0.65,
        "E_price_attractiveness_basis": "대략가격대=1억~2억(추정) → 0.65 (가격 낮을수록 소액투자 매력도 높음)",
        "최신업데이트일": "",
        "최신업데이트요약": "",
        "최신업데이트출처URL": ""
      }
    },
    {
      "type": "Feature",
      "geometry": {
        "type": "Point",
        "coordinates": [
          126.7033,
          37.5122
        ]
      },
      "properties": {
        "id": "P318",
        "사업유형": "재개발",
        "사업명": "산곡6구역",
        "근거법": "도시정비법",
        "상위계획": "2030 인천광역시 도시·주거환경정비기본계획",
        "지정주체": "인천광역시 부평구청",
        "시도": "인천",
        "시군구": "부평구",
        "읍면동": "산곡동",
        "최초계획연도": "",
        "현재단계": "착공",
        "단계상세": "인천시 추정분담금 정보시스템(2026.7 기준) 조회 결과",
        "지연여부": "N",
        "예타상태": "해당없음(도시정비법 조합사업, 예타 비대상)",
        "최근확인일": "2026-07-19",
        "출처URL": "https://renewal.incheon.go.kr/ires/program/0000-0011-0025/program/business/search.do",
        "비고": "대표지번: 산곡동 10번지 일원. 카카오 지오코딩 시도했으나 '산곡동 10' 주소 매칭 실패(지번 통폐합 추정) — 다른 산곡동 사업들과 달리 여전히 동단위 근사치. 가격대는 단계기반 추정치, 실제 시세 미검증",
        "인프라연계id": "",
        "대략가격대": "2억~3억(추정)",
        "구역면적": "122,971",
        "건축면적": "13,841.03",
        "동수": "18",
        "세대수": "2,110",
        "건폐율": "14.99",
        "용적률": "249.99",
        "예상완공시기": "2028년 10월경(착공일 2026-04-08 + 30개월 추정)",
        "추진위조합정보": "산곡동 10번지 일원, 123,549㎡, 지하3~지상최고33층 20개동 2,706세대(조합원 1,416명, 조합원분양1,260/일반분양1,289/임대137/보류지20). 시공 GS건설·현대건설·코오롱글로벌 컨소시엄. 공식 조합 홈페이지(sangok6.co.kr) 존재하나 접속 오류로 직접 확인은 못함(2026-07-20). 출처: 뉴시티데일리/더퍼블릭 등(검색결과 요약 기준)",
        "인근부동산": "산곡동 소재 개별업체 미확인(2026-07-20, 당근 동네업체 목록에 산곡동 소재로 명확히 표시된 번호 있는 업체 없음) — 인접 부평동 거성공인중개사사무소 032-511-0777 / 도도공인중개사사무소 032-362-5220 참고 가능",
        "초기투자프리미엄정보": "84타입 기준 일반분양가 약 9억2,000만원 대비 조합원입주권은 프리미엄 포함 7억후반~8억대로 거래된다는 보도 확인(평당 일반분양가 2,700만원대 vs 조합원분양가 평당 약 1,150만원대). 출처: 하우징헤럴드 등(검색결과 요약 기준, 2026-07-20 — 시점에 따라 변동 가능하니 재확인 필요)",
        "인근시세비교": "인근 신축 참고단지: 산곡1구역 푸르지오APT(입주 완료) / 인근 재개발 진행 중: 산곡6구역(2,706세대, 분양 진행) — 정확한 실거래가는 호갱노노 등에서 단지명으로 직접 확인 필요(2026-07-20 리서치, 구체적 가격 미검증)",
        "color": "#db2777",
        "A_stage_progress": 0.857,
        "A_stage_progress_basis": "현재단계=착공, 전체 8단계 중 7번째 → 0.86",
        "A_stage_index": 7,
        "A_stage_total": 8,
        "B_pretest": 0.6,
        "B_pretest_basis": "예타상태=해당없음(도시정비법 조합사업, 예타 비대상) → 0.6 (구조적으로 예타 비대상, 감점 아님)",
        "C_delay": 1.0,
        "C_delay_basis": "지연여부=N → 1.0 (지연 없음 또는 미확인, 미확인은 지연 없음으로 간주)",
        "F_upside_potential": 0.143,
        "F_upside_potential_basis": "사업단계 진척률(A)=0.86 → 잔여 개발이익 여력 = 1-A = 0.14 (초기단계일수록 향후 가격 상승여력 크고, 착공·준공에 가까울수록 이미 가격에 반영돼 여력 작다고 가정)",
        "D_infra": 0.7,
        "D_infra_basis": "인프라연계id 없음 → 데이터 미비를 벌점화하지 않기 위해 중립값 0.7",
        "E_price_attractiveness": 0.4,
        "E_price_attractiveness_basis": "대략가격대=2억~3억(추정) → 0.4 (가격 낮을수록 소액투자 매력도 높음)",
        "최신업데이트일": "",
        "최신업데이트요약": "",
        "최신업데이트출처URL": ""
      }
    },
    {
      "type": "Feature",
      "geometry": {
        "type": "Point",
        "coordinates": [
          126.704259,
          37.490943
        ]
      },
      "properties": {
        "id": "P319",
        "사업유형": "재개발",
        "사업명": "산곡5구역",
        "근거법": "도시정비법",
        "상위계획": "2030 인천광역시 도시·주거환경정비기본계획",
        "지정주체": "인천광역시 부평구청",
        "시도": "인천",
        "시군구": "부평구",
        "읍면동": "산곡동",
        "최초계획연도": "",
        "현재단계": "사업시행인가",
        "단계상세": "인천시 추정분담금 정보시스템(2026.7 기준) 조회 결과",
        "지연여부": "N",
        "예타상태": "해당없음(도시정비법 조합사업, 예타 비대상)",
        "최근확인일": "2026-07-18",
        "출처URL": "https://renewal.incheon.go.kr/ires/program/0000-0011-0025/program/business/search.do",
        "비고": "대표지번: 산곡동 370-58번지 일원. 좌표는 동단위 근사치. 가격대는 단계기반 추정치, 실제 시세 미검증",
        "인프라연계id": "",
        "대략가격대": "1억~2억(추정)",
        "구역면적": "88,025.5",
        "건축면적": "8,830.32",
        "동수": "13",
        "세대수": "1,498",
        "건폐율": "14.31",
        "용적률": "249.19",
        "예상완공시기": "확인필요(착공일 정보 없음)",
        "추진위조합정보": "최고 37층 15개동 1,565세대 계획(기존 1,498세대에서 67세대 증가). 출처: 위클리한국주택경제신문(2026-07-20 검색)",
        "인근부동산": "산곡동 소재 개별업체 미확인(2026-07-20, 당근 동네업체 목록에 산곡동 소재로 명확히 표시된 번호 있는 업체 없음) — 인접 부평동 거성공인중개사사무소 032-511-0777 / 도도공인중개사사무소 032-362-5220 참고 가능",
        "초기투자프리미엄정보": "SNS(인스타그램)에 '산곡5구역 초투(초기투자금) 8000만원'이라는 게시물 확인(2026-07-20) — 개인 게시물 기반 정보라 시점·정확성 재검증 필요, 공식 자료 아님",
        "인근시세비교": "인근 신축 참고단지: 산곡1구역 푸르지오APT(입주 완료) / 인근 재개발 진행 중: 산곡6구역(2,706세대, 분양 진행) — 정확한 실거래가는 호갱노노 등에서 단지명으로 직접 확인 필요(2026-07-20 리서치, 구체적 가격 미검증)",
        "color": "#db2777",
        "A_stage_progress": 0.571,
        "A_stage_progress_basis": "현재단계=사업시행인가, 전체 8단계 중 5번째 → 0.57",
        "A_stage_index": 5,
        "A_stage_total": 8,
        "B_pretest": 0.6,
        "B_pretest_basis": "예타상태=해당없음(도시정비법 조합사업, 예타 비대상) → 0.6 (구조적으로 예타 비대상, 감점 아님)",
        "C_delay": 1.0,
        "C_delay_basis": "지연여부=N → 1.0 (지연 없음 또는 미확인, 미확인은 지연 없음으로 간주)",
        "F_upside_potential": 0.429,
        "F_upside_potential_basis": "사업단계 진척률(A)=0.57 → 잔여 개발이익 여력 = 1-A = 0.43 (초기단계일수록 향후 가격 상승여력 크고, 착공·준공에 가까울수록 이미 가격에 반영돼 여력 작다고 가정)",
        "D_infra": 0.7,
        "D_infra_basis": "인프라연계id 없음 → 데이터 미비를 벌점화하지 않기 위해 중립값 0.7",
        "E_price_attractiveness": 0.65,
        "E_price_attractiveness_basis": "대략가격대=1억~2억(추정) → 0.65 (가격 낮을수록 소액투자 매력도 높음)",
        "최신업데이트일": "",
        "최신업데이트요약": "",
        "최신업데이트출처URL": ""
      }
    },
    {
      "type": "Feature",
      "geometry": {
        "type": "Point",
        "coordinates": [
          126.69785,
          37.502864
        ]
      },
      "properties": {
        "id": "P320",
        "사업유형": "재개발",
        "사업명": "산곡3구역",
        "근거법": "도시정비법",
        "상위계획": "2030 인천광역시 도시·주거환경정비기본계획",
        "지정주체": "인천광역시 부평구청",
        "시도": "인천",
        "시군구": "부평구",
        "읍면동": "산곡동",
        "최초계획연도": "",
        "현재단계": "조합설립인가",
        "단계상세": "인천시 추정분담금 정보시스템(2026.7 기준) 조회 결과",
        "지연여부": "N",
        "예타상태": "해당없음(도시정비법 조합사업, 예타 비대상)",
        "최근확인일": "2026-07-18",
        "출처URL": "https://renewal.incheon.go.kr/ires/program/0000-0011-0025/program/business/search.do",
        "비고": "대표지번: 산곡동 180-190번지 일원. 좌표는 동단위 근사치. 가격대는 단계기반 추정치, 실제 시세 미검증",
        "인프라연계id": "",
        "대략가격대": "1억~2억(추정)",
        "구역면적": "",
        "건축면적": "",
        "동수": "",
        "세대수": "",
        "건폐율": "",
        "용적률": "",
        "예상완공시기": "확인필요(착공일 정보 없음)",
        "추진위조합정보": "조합설립인가 이후 단계(db 추적값). 인천 최초 특별건축구역 지정으로 층수·세대수가 늘었다는 보도 확인(위클리한국주택경제신문, 2026-07-20 검색) — 정확한 세대수·조합 사무실 연락처는 검색으로 특정 못함",
        "인근부동산": "산곡동 소재 개별업체 미확인(2026-07-20, 당근 동네업체 목록에 산곡동 소재로 명확히 표시된 번호 있는 업체 없음) — 인접 부평동 거성공인중개사사무소 032-511-0777 / 도도공인중개사사무소 032-362-5220 참고 가능",
        "초기투자프리미엄정보": "관련 블로그·카페·SNS 프리미엄 정보 검색 결과 없음(2026-07-20 확인)",
        "인근시세비교": "인근 신축 참고단지: 산곡1구역 푸르지오APT(입주 완료) / 인근 재개발 진행 중: 산곡6구역(2,706세대, 분양 진행) — 정확한 실거래가는 호갱노노 등에서 단지명으로 직접 확인 필요(2026-07-20 리서치, 구체적 가격 미검증)",
        "color": "#db2777",
        "A_stage_progress": 0.429,
        "A_stage_progress_basis": "현재단계=조합설립인가, 전체 8단계 중 4번째 → 0.43",
        "A_stage_index": 4,
        "A_stage_total": 8,
        "B_pretest": 0.6,
        "B_pretest_basis": "예타상태=해당없음(도시정비법 조합사업, 예타 비대상) → 0.6 (구조적으로 예타 비대상, 감점 아님)",
        "C_delay": 1.0,
        "C_delay_basis": "지연여부=N → 1.0 (지연 없음 또는 미확인, 미확인은 지연 없음으로 간주)",
        "F_upside_potential": 0.571,
        "F_upside_potential_basis": "사업단계 진척률(A)=0.43 → 잔여 개발이익 여력 = 1-A = 0.57 (초기단계일수록 향후 가격 상승여력 크고, 착공·준공에 가까울수록 이미 가격에 반영돼 여력 작다고 가정)",
        "D_infra": 0.7,
        "D_infra_basis": "인프라연계id 없음 → 데이터 미비를 벌점화하지 않기 위해 중립값 0.7",
        "E_price_attractiveness": 0.65,
        "E_price_attractiveness_basis": "대략가격대=1억~2억(추정) → 0.65 (가격 낮을수록 소액투자 매력도 높음)",
        "최신업데이트일": "",
        "최신업데이트요약": "",
        "최신업데이트출처URL": ""
      }
    },
    {
      "type": "Feature",
      "geometry": {
        "type": "Point",
        "coordinates": [
          126.733321,
          37.497267
        ]
      },
      "properties": {
        "id": "P321",
        "사업유형": "재개발",
        "사업명": "부흥초동측 / 정비구역후보지(23년 2차)",
        "근거법": "도시정비법",
        "상위계획": "2030 인천광역시 도시·주거환경정비기본계획",
        "지정주체": "인천광역시 부평구청",
        "시도": "인천",
        "시군구": "부평구",
        "읍면동": "부평동",
        "최초계획연도": "",
        "현재단계": "정비구역지정",
        "단계상세": "인천시 추정분담금 정보시스템(2026.7 기준) 조회 결과",
        "지연여부": "N",
        "예타상태": "해당없음(도시정비법 조합사업, 예타 비대상)",
        "최근확인일": "2026-07-18",
        "출처URL": "https://renewal.incheon.go.kr/ires/program/0000-0011-0025/program/business/search.do",
        "비고": "대표지번: 부평동 156-1번지 일원. 좌표는 동단위 근사치. 가격대는 단계기반 추정치, 실제 시세 미검증",
        "인프라연계id": "",
        "대략가격대": "5천만원대~1억(추정)",
        "구역면적": "118,943",
        "건축면적": "",
        "동수": "",
        "세대수": "",
        "건폐율": "",
        "용적률": "",
        "예상완공시기": "확인필요(착공일 정보 없음)",
        "추진위조합정보": "정비구역지정 단계 — 추진위원회 미구성(2026-07-20 확인, 인천시 정비사업 정보시스템 renewal.incheon.go.kr 사업개요 기준)",
        "인근부동산": "거성공인중개사사무소 032-511-0777; 도도공인중개사사무소 032-362-5220(부평동 소재, 2026-07-20 당근 동네업체 목록 기준)",
        "초기투자프리미엄정보": "추진위 미구성 단계라 조합원 프리미엄 개념이 아직 형성되지 않음(2026-07-20 확인, 블로그·카페 검색에서도 관련 정보 없음)",
        "인근시세비교": "인근 신축 참고단지: e편한세상부평그랑힐스(청천동, 인접) / 구축 참고단지: 부평동아1단지, 부평1동한국 — 정확한 실거래가는 호갱노노 등에서 단지명으로 직접 확인 필요(2026-07-20 리서치, 구체적 가격 미검증)",
        "color": "#db2777",
        "A_stage_progress": 0.143,
        "A_stage_progress_basis": "현재단계=정비구역지정, 전체 8단계 중 2번째 → 0.14",
        "A_stage_index": 2,
        "A_stage_total": 8,
        "B_pretest": 0.6,
        "B_pretest_basis": "예타상태=해당없음(도시정비법 조합사업, 예타 비대상) → 0.6 (구조적으로 예타 비대상, 감점 아님)",
        "C_delay": 1.0,
        "C_delay_basis": "지연여부=N → 1.0 (지연 없음 또는 미확인, 미확인은 지연 없음으로 간주)",
        "F_upside_potential": 0.857,
        "F_upside_potential_basis": "사업단계 진척률(A)=0.14 → 잔여 개발이익 여력 = 1-A = 0.86 (초기단계일수록 향후 가격 상승여력 크고, 착공·준공에 가까울수록 이미 가격에 반영돼 여력 작다고 가정)",
        "D_infra": 0.7,
        "D_infra_basis": "인프라연계id 없음 → 데이터 미비를 벌점화하지 않기 위해 중립값 0.7",
        "E_price_attractiveness": 0.85,
        "E_price_attractiveness_basis": "대략가격대=5천만원대~1억(추정) → 0.85 (가격 낮을수록 소액투자 매력도 높음)",
        "최신업데이트일": "",
        "최신업데이트요약": "",
        "최신업데이트출처URL": ""
      }
    },
    {
      "type": "Feature",
      "geometry": {
        "type": "Point",
        "coordinates": [
          126.709604,
          37.488862
        ]
      },
      "properties": {
        "id": "P322",
        "사업유형": "재건축(도시정비법)",
        "사업명": "부평현대1단지",
        "근거법": "도시정비법",
        "상위계획": "2030 인천광역시 도시·주거환경정비기본계획",
        "지정주체": "인천광역시 부평구청",
        "시도": "인천",
        "시군구": "부평구",
        "읍면동": "산곡동",
        "최초계획연도": "",
        "현재단계": "조합설립인가",
        "단계상세": "인천시 추정분담금 정보시스템(2026.7 기준) 조회 결과",
        "지연여부": "N",
        "예타상태": "해당없음(도시정비법 조합사업, 예타 비대상)",
        "최근확인일": "2026-07-18",
        "출처URL": "https://renewal.incheon.go.kr/ires/program/0000-0011-0025/program/business/search.do",
        "비고": "대표지번: 산곡동 307번지 9 일원. 좌표는 동단위 근사치. 가격대는 단계기반 추정치, 실제 시세 미검증",
        "인프라연계id": "",
        "대략가격대": "2억~3억(추정)",
        "구역면적": "124,897",
        "건축면적": "166,471.06",
        "동수": "21",
        "세대수": "3,324",
        "건폐율": "14.8",
        "용적률": "299.99",
        "예상완공시기": "확인필요(착공일 정보 없음)",
        "추진위조합정보": "2025-09-25 추진위원회 승인 고시(인천 최초 신탁방식 사업시행자 지정 절차 진행 중, 하나자산신탁) — db 추적 현재단계는 이후 조합설립인가로 진전(최근확인일 기준). 산곡동 307번지, 124,897㎡, 1985년 준공 23개동 2,204세대. 출처: 위클리한국주택경제신문/한국AI부동산신문(2026-07-20 검색)",
        "인근부동산": "산곡동 소재 개별업체 미확인(2026-07-20, 당근 동네업체 목록에 산곡동 소재로 명확히 표시된 번호 있는 업체 없음) — 인접 부평동 거성공인중개사사무소 032-511-0777 / 도도공인중개사사무소 032-362-5220 참고 가능",
        "초기투자프리미엄정보": "관련 블로그·카페·SNS 프리미엄 정보 검색 결과 없음(2026-07-20 확인)",
        "인근시세비교": "인근 신축 참고단지: 산곡1구역 푸르지오APT(입주 완료) / 인근 재개발 진행 중: 산곡6구역(2,706세대, 분양 진행) — 정확한 실거래가는 호갱노노 등에서 단지명으로 직접 확인 필요(2026-07-20 리서치, 구체적 가격 미검증)",
        "color": "#7c3aed",
        "A_stage_progress": 0.429,
        "A_stage_progress_basis": "현재단계=조합설립인가, 전체 8단계 중 4번째 → 0.43",
        "A_stage_index": 4,
        "A_stage_total": 8,
        "B_pretest": 0.6,
        "B_pretest_basis": "예타상태=해당없음(도시정비법 조합사업, 예타 비대상) → 0.6 (구조적으로 예타 비대상, 감점 아님)",
        "C_delay": 1.0,
        "C_delay_basis": "지연여부=N → 1.0 (지연 없음 또는 미확인, 미확인은 지연 없음으로 간주)",
        "F_upside_potential": 0.571,
        "F_upside_potential_basis": "사업단계 진척률(A)=0.43 → 잔여 개발이익 여력 = 1-A = 0.57 (초기단계일수록 향후 가격 상승여력 크고, 착공·준공에 가까울수록 이미 가격에 반영돼 여력 작다고 가정)",
        "D_infra": 0.7,
        "D_infra_basis": "인프라연계id 없음 → 데이터 미비를 벌점화하지 않기 위해 중립값 0.7",
        "E_price_attractiveness": 0.4,
        "E_price_attractiveness_basis": "대략가격대=2억~3억(추정) → 0.4 (가격 낮을수록 소액투자 매력도 높음)",
        "최신업데이트일": "",
        "최신업데이트요약": "",
        "최신업데이트출처URL": ""
      }
    },
    {
      "type": "Feature",
      "geometry": {
        "type": "Point",
        "coordinates": [
          126.72273,
          37.48371
        ]
      },
      "properties": {
        "id": "P323",
        "사업유형": "재개발",
        "사업명": "부평4구역",
        "근거법": "도시정비법",
        "상위계획": "2030 인천광역시 도시·주거환경정비기본계획",
        "지정주체": "인천광역시 부평구청",
        "시도": "인천",
        "시군구": "부평구",
        "읍면동": "부평동",
        "최초계획연도": "",
        "현재단계": "착공",
        "단계상세": "인천시 추정분담금 정보시스템(2026.7 기준) 조회 결과",
        "지연여부": "N",
        "예타상태": "해당없음(도시정비법 조합사업, 예타 비대상)",
        "최근확인일": "2026-07-18",
        "출처URL": "https://renewal.incheon.go.kr/ires/program/0000-0011-0025/program/business/search.do",
        "비고": "대표지번: 부평동 665-2번지 일원. 좌표는 동단위 근사치. 가격대는 단계기반 추정치, 실제 시세 미검증",
        "인프라연계id": "",
        "대략가격대": "2억~3억(추정)",
        "구역면적": "80,720.2",
        "건축면적": "9,419.53",
        "동수": "13",
        "세대수": "2,413",
        "건폐율": "14.1",
        "용적률": "329.64",
        "예상완공시기": "2023년 12월경(착공일 2021-06-02 + 30개월 추정)",
        "추진위조합정보": "부평동 소재, 80,720.2㎡, 아파트 1,924세대+오피스텔 약 616세대. 뉴스테이 도입 후 공급 규모 약 2,540세대(오피스텔 포함)로 확대, 임대주택 약 97세대(기초수급자 등 대상) 계획(2026-07-20 검색 기준, 시공사·정확 착공일은 특정 못함)",
        "인근부동산": "거성공인중개사사무소 032-511-0777; 도도공인중개사사무소 032-362-5220(부평동 소재, 2026-07-20 당근 동네업체 목록 기준)",
        "초기투자프리미엄정보": "관련 블로그·카페·SNS 프리미엄 정보 검색 결과 없음(2026-07-20 확인)",
        "인근시세비교": "인근 신축 참고단지: e편한세상 부평역 센트럴파크(부평2구역, 2024-12 입주) / 구축 참고단지: 부평동아1단지, 부평1동한국 — 정확한 실거래가는 호갱노노 등에서 단지명으로 직접 확인 필요(2026-07-20 리서치, 구체적 가격 미검증)",
        "color": "#db2777",
        "A_stage_progress": 0.857,
        "A_stage_progress_basis": "현재단계=착공, 전체 8단계 중 7번째 → 0.86",
        "A_stage_index": 7,
        "A_stage_total": 8,
        "B_pretest": 0.6,
        "B_pretest_basis": "예타상태=해당없음(도시정비법 조합사업, 예타 비대상) → 0.6 (구조적으로 예타 비대상, 감점 아님)",
        "C_delay": 1.0,
        "C_delay_basis": "지연여부=N → 1.0 (지연 없음 또는 미확인, 미확인은 지연 없음으로 간주)",
        "F_upside_potential": 0.143,
        "F_upside_potential_basis": "사업단계 진척률(A)=0.86 → 잔여 개발이익 여력 = 1-A = 0.14 (초기단계일수록 향후 가격 상승여력 크고, 착공·준공에 가까울수록 이미 가격에 반영돼 여력 작다고 가정)",
        "D_infra": 0.7,
        "D_infra_basis": "인프라연계id 없음 → 데이터 미비를 벌점화하지 않기 위해 중립값 0.7",
        "E_price_attractiveness": 0.4,
        "E_price_attractiveness_basis": "대략가격대=2억~3억(추정) → 0.4 (가격 낮을수록 소액투자 매력도 높음)",
        "최신업데이트일": "",
        "최신업데이트요약": "",
        "최신업데이트출처URL": ""
      }
    },
    {
      "type": "Feature",
      "geometry": {
        "type": "Point",
        "coordinates": [
          126.715551,
          37.486635
        ]
      },
      "properties": {
        "id": "P324",
        "사업유형": "재개발",
        "사업명": "부평2구역",
        "근거법": "도시정비법",
        "상위계획": "2030 인천광역시 도시·주거환경정비기본계획",
        "지정주체": "인천광역시 부평구청",
        "시도": "인천",
        "시군구": "부평구",
        "읍면동": "부평2동",
        "최초계획연도": "",
        "현재단계": "착공",
        "단계상세": "인천시 추정분담금 정보시스템(2026.7 기준) 조회 결과",
        "지연여부": "N",
        "예타상태": "해당없음(도시정비법 조합사업, 예타 비대상)",
        "최근확인일": "2026-07-18",
        "출처URL": "https://renewal.incheon.go.kr/ires/program/0000-0011-0025/program/business/search.do",
        "비고": "대표지번: 부평2동 760-700번지 일원. 좌표는 동단위 근사치. 가격대는 단계기반 추정치, 실제 시세 미검증",
        "인프라연계id": "",
        "대략가격대": "2억~3억(추정)",
        "구역면적": "59,954",
        "건축면적": "7,534",
        "동수": "13",
        "세대수": "1,500",
        "건폐율": "15.72",
        "용적률": "273.6",
        "예상완공시기": "2024년 10월경(착공일 2022-04-21 + 30개월 추정)",
        "추진위조합정보": "부평동 일대, 'e편한세상 부평역 센트럴파크'. DL건설(옛 고려개발) 시공, 1,500세대 13개동, 2024-12 입주 보도 — db 추적 현재단계는 착공으로 표기돼 있어 최근확인일 기준 재확인 필요. 인천1호선 동수역과 지하주차장 직결(일반아파트로는 드문 사례), 부평공원 인접(2026-07-20 검색 기준)",
        "인근부동산": "거성공인중개사사무소 032-511-0777; 도도공인중개사사무소 032-362-5220(부평동 소재, 2026-07-20 당근 동네업체 목록 기준)",
        "초기투자프리미엄정보": "관련 블로그·카페·SNS 프리미엄 정보 검색 결과 없음(2026-07-20 확인)",
        "인근시세비교": "인근 신축 참고단지: e편한세상 부평역 센트럴파크(부평2구역, 2024-12 입주) / 구축 참고단지: 부평동아1단지, 부평1동한국 — 정확한 실거래가는 호갱노노 등에서 단지명으로 직접 확인 필요(2026-07-20 리서치, 구체적 가격 미검증)",
        "color": "#db2777",
        "A_stage_progress": 0.857,
        "A_stage_progress_basis": "현재단계=착공, 전체 8단계 중 7번째 → 0.86",
        "A_stage_index": 7,
        "A_stage_total": 8,
        "B_pretest": 0.6,
        "B_pretest_basis": "예타상태=해당없음(도시정비법 조합사업, 예타 비대상) → 0.6 (구조적으로 예타 비대상, 감점 아님)",
        "C_delay": 1.0,
        "C_delay_basis": "지연여부=N → 1.0 (지연 없음 또는 미확인, 미확인은 지연 없음으로 간주)",
        "F_upside_potential": 0.143,
        "F_upside_potential_basis": "사업단계 진척률(A)=0.86 → 잔여 개발이익 여력 = 1-A = 0.14 (초기단계일수록 향후 가격 상승여력 크고, 착공·준공에 가까울수록 이미 가격에 반영돼 여력 작다고 가정)",
        "D_infra": 0.7,
        "D_infra_basis": "인프라연계id 없음 → 데이터 미비를 벌점화하지 않기 위해 중립값 0.7",
        "E_price_attractiveness": 0.4,
        "E_price_attractiveness_basis": "대략가격대=2억~3억(추정) → 0.4 (가격 낮을수록 소액투자 매력도 높음)",
        "최신업데이트일": "",
        "최신업데이트요약": "",
        "최신업데이트출처URL": ""
      }
    },
    {
      "type": "Feature",
      "geometry": {
        "type": "Point",
        "coordinates": [
          126.735495,
          37.499434
        ]
      },
      "properties": {
        "id": "P325",
        "사업유형": "재개발",
        "사업명": "부광초교서측 / 정비구역후보지(23년 2차)",
        "근거법": "도시정비법",
        "상위계획": "2030 인천광역시 도시·주거환경정비기본계획",
        "지정주체": "인천광역시 부평구청",
        "시도": "인천",
        "시군구": "부평구",
        "읍면동": "부개동",
        "최초계획연도": "",
        "현재단계": "정비구역지정",
        "단계상세": "인천시 추정분담금 정보시스템(2026.7 기준) 조회 결과",
        "지연여부": "N",
        "예타상태": "해당없음(도시정비법 조합사업, 예타 비대상)",
        "최근확인일": "2026-07-18",
        "출처URL": "https://renewal.incheon.go.kr/ires/program/0000-0011-0025/program/business/search.do",
        "비고": "대표지번: 부개동 65-1번지 일원. 좌표는 동단위 근사치. 가격대는 단계기반 추정치, 실제 시세 미검증",
        "인프라연계id": "",
        "대략가격대": "5천만원대~1억(추정)",
        "구역면적": "80,347.6",
        "건축면적": "",
        "동수": "",
        "세대수": "",
        "건폐율": "",
        "용적률": "",
        "예상완공시기": "확인필요(착공일 정보 없음)",
        "추진위조합정보": "정비구역지정 단계 — 추진위원회 미구성(2026-07-20 확인, 인천시 정비사업 정보시스템 renewal.incheon.go.kr 사업개요 기준)",
        "인근부동산": "성신공인중개사사무소 032-719-3555(부개동 소재, 2026-07-20 당근 동네업체 목록 기준)",
        "초기투자프리미엄정보": "추진위 미구성 단계라 조합원 프리미엄 개념이 아직 형성되지 않음(2026-07-20 확인, 블로그·카페 검색에서도 관련 정보 없음)",
        "인근시세비교": "인근 참고단지: 부평한국(부개동, 1992년 준공, 580세대) — 정확한 실거래가는 호갱노노 등에서 단지명으로 직접 확인 필요(2026-07-20 리서치, 구체적 가격 미검증)",
        "color": "#db2777",
        "A_stage_progress": 0.143,
        "A_stage_progress_basis": "현재단계=정비구역지정, 전체 8단계 중 2번째 → 0.14",
        "A_stage_index": 2,
        "A_stage_total": 8,
        "B_pretest": 0.6,
        "B_pretest_basis": "예타상태=해당없음(도시정비법 조합사업, 예타 비대상) → 0.6 (구조적으로 예타 비대상, 감점 아님)",
        "C_delay": 1.0,
        "C_delay_basis": "지연여부=N → 1.0 (지연 없음 또는 미확인, 미확인은 지연 없음으로 간주)",
        "F_upside_potential": 0.857,
        "F_upside_potential_basis": "사업단계 진척률(A)=0.14 → 잔여 개발이익 여력 = 1-A = 0.86 (초기단계일수록 향후 가격 상승여력 크고, 착공·준공에 가까울수록 이미 가격에 반영돼 여력 작다고 가정)",
        "D_infra": 0.7,
        "D_infra_basis": "인프라연계id 없음 → 데이터 미비를 벌점화하지 않기 위해 중립값 0.7",
        "E_price_attractiveness": 0.85,
        "E_price_attractiveness_basis": "대략가격대=5천만원대~1억(추정) → 0.85 (가격 낮을수록 소액투자 매력도 높음)",
        "최신업데이트일": "",
        "최신업데이트요약": "",
        "최신업데이트출처URL": ""
      }
    },
    {
      "type": "Feature",
      "geometry": {
        "type": "Point",
        "coordinates": [
          126.740398,
          37.483771
        ]
      },
      "properties": {
        "id": "P326",
        "사업유형": "재개발",
        "사업명": "부개5구역",
        "근거법": "도시정비법",
        "상위계획": "2030 인천광역시 도시·주거환경정비기본계획",
        "지정주체": "인천광역시 부평구청",
        "시도": "인천",
        "시군구": "부평구",
        "읍면동": "부개1동",
        "최초계획연도": "",
        "현재단계": "조합설립인가",
        "단계상세": "인천시 추정분담금 정보시스템(2026.7 기준) 조회 결과",
        "지연여부": "N",
        "예타상태": "해당없음(도시정비법 조합사업, 예타 비대상)",
        "최근확인일": "2026-07-18",
        "출처URL": "https://renewal.incheon.go.kr/ires/program/0000-0011-0025/program/business/search.do",
        "비고": "대표지번: 부개1동 381-15번지 일원. 좌표는 동단위 근사치. 가격대는 단계기반 추정치, 실제 시세 미검증",
        "인프라연계id": "",
        "대략가격대": "1억~2억(추정)",
        "구역면적": "117,300",
        "건축면적": "11,560",
        "동수": "13",
        "세대수": "1,829",
        "건폐율": "14.86",
        "용적률": "249.95",
        "예상완공시기": "확인필요(착공일 정보 없음)",
        "추진위조합정보": "조합설립인가 단계(db 추적값) — 검색으로 세대수·조합 연락처를 특정하지 못함(2026-07-20 시도)",
        "인근부동산": "성신공인중개사사무소 032-719-3555(부개동 소재, 2026-07-20 당근 동네업체 목록 기준)",
        "초기투자프리미엄정보": "관련 블로그·카페·SNS 프리미엄 정보 검색 결과 없음(2026-07-20 확인)",
        "인근시세비교": "인근 참고단지: 부평한국(부개동, 1992년 준공, 580세대) — 정확한 실거래가는 호갱노노 등에서 단지명으로 직접 확인 필요(2026-07-20 리서치, 구체적 가격 미검증)",
        "color": "#db2777",
        "A_stage_progress": 0.429,
        "A_stage_progress_basis": "현재단계=조합설립인가, 전체 8단계 중 4번째 → 0.43",
        "A_stage_index": 4,
        "A_stage_total": 8,
        "B_pretest": 0.6,
        "B_pretest_basis": "예타상태=해당없음(도시정비법 조합사업, 예타 비대상) → 0.6 (구조적으로 예타 비대상, 감점 아님)",
        "C_delay": 1.0,
        "C_delay_basis": "지연여부=N → 1.0 (지연 없음 또는 미확인, 미확인은 지연 없음으로 간주)",
        "F_upside_potential": 0.571,
        "F_upside_potential_basis": "사업단계 진척률(A)=0.43 → 잔여 개발이익 여력 = 1-A = 0.57 (초기단계일수록 향후 가격 상승여력 크고, 착공·준공에 가까울수록 이미 가격에 반영돼 여력 작다고 가정)",
        "D_infra": 0.7,
        "D_infra_basis": "인프라연계id 없음 → 데이터 미비를 벌점화하지 않기 위해 중립값 0.7",
        "E_price_attractiveness": 0.65,
        "E_price_attractiveness_basis": "대략가격대=1억~2억(추정) → 0.65 (가격 낮을수록 소액투자 매력도 높음)",
        "최신업데이트일": "",
        "최신업데이트요약": "",
        "최신업데이트출처URL": ""
      }
    },
    {
      "type": "Feature",
      "geometry": {
        "type": "Point",
        "coordinates": [
          126.735981,
          37.503342
        ]
      },
      "properties": {
        "id": "P327",
        "사업유형": "재개발",
        "사업명": "부개4구역",
        "근거법": "도시정비법",
        "상위계획": "2030 인천광역시 도시·주거환경정비기본계획",
        "지정주체": "인천광역시 부평구청",
        "시도": "인천",
        "시군구": "부평구",
        "읍면동": "부개동",
        "최초계획연도": "",
        "현재단계": "착공",
        "단계상세": "인천시 추정분담금 정보시스템(2026.7 기준) 조회 결과",
        "지연여부": "N",
        "예타상태": "해당없음(도시정비법 조합사업, 예타 비대상)",
        "최근확인일": "2026-07-18",
        "출처URL": "https://renewal.incheon.go.kr/ires/program/0000-0011-0025/program/business/search.do",
        "비고": "대표지번: 부개동 13-5번지 일원. 좌표는 동단위 근사치. 가격대는 단계기반 추정치, 실제 시세 미검증",
        "인프라연계id": "",
        "대략가격대": "2억~3억(추정)",
        "구역면적": "66,688.8",
        "건축면적": "10,025.54",
        "동수": "13",
        "세대수": "1,299",
        "건폐율": "21.07",
        "용적률": "245.64",
        "예상완공시기": "2028년 3월경(착공일 2025-09-12 + 30개월 추정)",
        "추진위조합정보": "부개동 13-5번지 일대, 지하2~지상25층 13개동 1,299가구. 시공사 두산건설·한양 컨소시엄(2024-11-30 선정, 총도급액 3,071억원, 두산60%/한양40%). 익년 상반기 일반분양 전망(2026-07-20 검색 기준)",
        "인근부동산": "성신공인중개사사무소 032-719-3555(부개동 소재, 2026-07-20 당근 동네업체 목록 기준)",
        "초기투자프리미엄정보": "관련 블로그·카페·SNS 프리미엄 정보 검색 결과 없음(2026-07-20 확인)",
        "인근시세비교": "인근 참고단지: 부평한국(부개동, 1992년 준공, 580세대) — 정확한 실거래가는 호갱노노 등에서 단지명으로 직접 확인 필요(2026-07-20 리서치, 구체적 가격 미검증)",
        "color": "#db2777",
        "A_stage_progress": 0.857,
        "A_stage_progress_basis": "현재단계=착공, 전체 8단계 중 7번째 → 0.86",
        "A_stage_index": 7,
        "A_stage_total": 8,
        "B_pretest": 0.6,
        "B_pretest_basis": "예타상태=해당없음(도시정비법 조합사업, 예타 비대상) → 0.6 (구조적으로 예타 비대상, 감점 아님)",
        "C_delay": 1.0,
        "C_delay_basis": "지연여부=N → 1.0 (지연 없음 또는 미확인, 미확인은 지연 없음으로 간주)",
        "F_upside_potential": 0.143,
        "F_upside_potential_basis": "사업단계 진척률(A)=0.86 → 잔여 개발이익 여력 = 1-A = 0.14 (초기단계일수록 향후 가격 상승여력 크고, 착공·준공에 가까울수록 이미 가격에 반영돼 여력 작다고 가정)",
        "D_infra": 0.7,
        "D_infra_basis": "인프라연계id 없음 → 데이터 미비를 벌점화하지 않기 위해 중립값 0.7",
        "E_price_attractiveness": 0.4,
        "E_price_attractiveness_basis": "대략가격대=2억~3억(추정) → 0.4 (가격 낮을수록 소액투자 매력도 높음)",
        "최신업데이트일": "",
        "최신업데이트요약": "",
        "최신업데이트출처URL": ""
      }
    },
    {
      "type": "Feature",
      "geometry": {
        "type": "Point",
        "coordinates": [
          126.704591,
          37.473392
        ]
      },
      "properties": {
        "id": "P328",
        "사업유형": "재개발",
        "사업명": "동암중서측 / 정비구역후보지(23년 1차)",
        "근거법": "도시정비법",
        "상위계획": "2030 인천광역시 도시·주거환경정비기본계획",
        "지정주체": "인천광역시 부평구청",
        "시도": "인천",
        "시군구": "부평구",
        "읍면동": "십정동",
        "최초계획연도": "",
        "현재단계": "정비구역지정",
        "단계상세": "인천시 추정분담금 정보시스템(2026.7 기준) 조회 결과",
        "지연여부": "N",
        "예타상태": "해당없음(도시정비법 조합사업, 예타 비대상)",
        "최근확인일": "2026-07-18",
        "출처URL": "https://renewal.incheon.go.kr/ires/program/0000-0011-0025/program/business/search.do",
        "비고": "대표지번: 십정동 499-1번지 일원. 좌표는 동단위 근사치. 가격대는 단계기반 추정치, 실제 시세 미검증",
        "인프라연계id": "",
        "대략가격대": "5천만원대~1억(추정)",
        "구역면적": "38,942",
        "건축면적": "",
        "동수": "",
        "세대수": "",
        "건폐율": "",
        "용적률": "",
        "예상완공시기": "확인필요(착공일 정보 없음)",
        "추진위조합정보": "정비구역지정 단계 — 추진위원회 미구성(2026-07-20 확인, 인천시 정비사업 정보시스템 renewal.incheon.go.kr 사업개요 기준)",
        "인근부동산": "부동산 판(더샵부평점) 010-8028-1848; 골든크로스 부동산 032-441-7771(십정동 소재, 2026-07-20 당근 동네업체 목록 기준)",
        "초기투자프리미엄정보": "추진위 미구성 단계라 조합원 프리미엄 개념이 아직 형성되지 않음(2026-07-20 확인, 블로그·카페 검색에서도 관련 정보 없음)",
        "인근시세비교": "인근 신축 참고단지: 힐스테이트부평(십정동 642, 2023년 준공) / 대단지 더샵부평센트럴시티(십정동 630) — 정확한 실거래가는 호갱노노 등에서 단지명으로 직접 확인 필요(2026-07-20 리서치, 구체적 가격 미검증)",
        "color": "#db2777",
        "A_stage_progress": 0.143,
        "A_stage_progress_basis": "현재단계=정비구역지정, 전체 8단계 중 2번째 → 0.14",
        "A_stage_index": 2,
        "A_stage_total": 8,
        "B_pretest": 0.6,
        "B_pretest_basis": "예타상태=해당없음(도시정비법 조합사업, 예타 비대상) → 0.6 (구조적으로 예타 비대상, 감점 아님)",
        "C_delay": 1.0,
        "C_delay_basis": "지연여부=N → 1.0 (지연 없음 또는 미확인, 미확인은 지연 없음으로 간주)",
        "F_upside_potential": 0.857,
        "F_upside_potential_basis": "사업단계 진척률(A)=0.14 → 잔여 개발이익 여력 = 1-A = 0.86 (초기단계일수록 향후 가격 상승여력 크고, 착공·준공에 가까울수록 이미 가격에 반영돼 여력 작다고 가정)",
        "D_infra": 0.7,
        "D_infra_basis": "인프라연계id 없음 → 데이터 미비를 벌점화하지 않기 위해 중립값 0.7",
        "E_price_attractiveness": 0.85,
        "E_price_attractiveness_basis": "대략가격대=5천만원대~1억(추정) → 0.85 (가격 낮을수록 소액투자 매력도 높음)",
        "최신업데이트일": "",
        "최신업데이트요약": "",
        "최신업데이트출처URL": ""
      }
    },
    {
      "type": "Feature",
      "geometry": {
        "type": "Point",
        "coordinates": [
          126.731175,
          37.486449
        ]
      },
      "properties": {
        "id": "P329",
        "사업유형": "재개발",
        "사업명": "동수초북측 / 정비구역후보지(23년 2차)",
        "근거법": "도시정비법",
        "상위계획": "2030 인천광역시 도시·주거환경정비기본계획",
        "지정주체": "인천광역시 부평구청",
        "시도": "인천",
        "시군구": "부평구",
        "읍면동": "부평동",
        "최초계획연도": "",
        "현재단계": "정비구역지정",
        "단계상세": "인천시 추정분담금 정보시스템(2026.7 기준) 조회 결과",
        "지연여부": "N",
        "예타상태": "해당없음(도시정비법 조합사업, 예타 비대상)",
        "최근확인일": "2026-07-18",
        "출처URL": "https://renewal.incheon.go.kr/ires/program/0000-0011-0025/program/business/search.do",
        "비고": "대표지번: 부평동 623-1번지 일원. 좌표는 동단위 근사치. 가격대는 단계기반 추정치, 실제 시세 미검증",
        "인프라연계id": "",
        "대략가격대": "5천만원대~1억(추정)",
        "구역면적": "67,599",
        "건축면적": "",
        "동수": "",
        "세대수": "",
        "건폐율": "",
        "용적률": "",
        "예상완공시기": "확인필요(착공일 정보 없음)",
        "추진위조합정보": "정비구역지정 단계 — 추진위원회 미구성(2026-07-20 확인, 인천시 정비사업 정보시스템 renewal.incheon.go.kr 사업개요 기준)",
        "인근부동산": "거성공인중개사사무소 032-511-0777; 도도공인중개사사무소 032-362-5220(부평동 소재, 2026-07-20 당근 동네업체 목록 기준)",
        "초기투자프리미엄정보": "추진위 미구성 단계라 조합원 프리미엄 개념이 아직 형성되지 않음(2026-07-20 확인, 블로그·카페 검색에서도 관련 정보 없음)",
        "인근시세비교": "인근 신축 참고단지: e편한세상부평그랑힐스(청천동, 인접) / 구축 참고단지: 부평동아1단지, 부평1동한국 — 정확한 실거래가는 호갱노노 등에서 단지명으로 직접 확인 필요(2026-07-20 리서치, 구체적 가격 미검증)",
        "color": "#db2777",
        "A_stage_progress": 0.143,
        "A_stage_progress_basis": "현재단계=정비구역지정, 전체 8단계 중 2번째 → 0.14",
        "A_stage_index": 2,
        "A_stage_total": 8,
        "B_pretest": 0.6,
        "B_pretest_basis": "예타상태=해당없음(도시정비법 조합사업, 예타 비대상) → 0.6 (구조적으로 예타 비대상, 감점 아님)",
        "C_delay": 1.0,
        "C_delay_basis": "지연여부=N → 1.0 (지연 없음 또는 미확인, 미확인은 지연 없음으로 간주)",
        "F_upside_potential": 0.857,
        "F_upside_potential_basis": "사업단계 진척률(A)=0.14 → 잔여 개발이익 여력 = 1-A = 0.86 (초기단계일수록 향후 가격 상승여력 크고, 착공·준공에 가까울수록 이미 가격에 반영돼 여력 작다고 가정)",
        "D_infra": 0.7,
        "D_infra_basis": "인프라연계id 없음 → 데이터 미비를 벌점화하지 않기 위해 중립값 0.7",
        "E_price_attractiveness": 0.85,
        "E_price_attractiveness_basis": "대략가격대=5천만원대~1억(추정) → 0.85 (가격 낮을수록 소액투자 매력도 높음)",
        "최신업데이트일": "",
        "최신업데이트요약": "",
        "최신업데이트출처URL": ""
      }
    },
    {
      "type": "Feature",
      "geometry": {
        "type": "Point",
        "coordinates": [
          126.731106,
          37.488794
        ]
      },
      "properties": {
        "id": "P330",
        "사업유형": "재개발",
        "사업명": "동소정사거리북동측 / 정비구역후보지(23년 2차)",
        "근거법": "도시정비법",
        "상위계획": "2030 인천광역시 도시·주거환경정비기본계획",
        "지정주체": "인천광역시 부평구청",
        "시도": "인천",
        "시군구": "부평구",
        "읍면동": "부평동",
        "최초계획연도": "",
        "현재단계": "정비구역지정",
        "단계상세": "인천시 추정분담금 정보시스템(2026.7 기준) 조회 결과",
        "지연여부": "N",
        "예타상태": "해당없음(도시정비법 조합사업, 예타 비대상)",
        "최근확인일": "2026-07-18",
        "출처URL": "https://renewal.incheon.go.kr/ires/program/0000-0011-0025/program/business/search.do",
        "비고": "대표지번: 부평동 614번지 일원. 좌표는 동단위 근사치. 가격대는 단계기반 추정치, 실제 시세 미검증",
        "인프라연계id": "",
        "대략가격대": "5천만원대~1억(추정)",
        "구역면적": "52,490.9",
        "건축면적": "",
        "동수": "",
        "세대수": "",
        "건폐율": "",
        "용적률": "",
        "예상완공시기": "확인필요(착공일 정보 없음)",
        "추진위조합정보": "정비구역지정 단계 — 추진위원회 미구성(2026-07-20 확인, 인천시 정비사업 정보시스템 renewal.incheon.go.kr 사업개요 기준)",
        "인근부동산": "거성공인중개사사무소 032-511-0777; 도도공인중개사사무소 032-362-5220(부평동 소재, 2026-07-20 당근 동네업체 목록 기준)",
        "초기투자프리미엄정보": "추진위 미구성 단계라 조합원 프리미엄 개념이 아직 형성되지 않음(2026-07-20 확인, 블로그·카페 검색에서도 관련 정보 없음)",
        "인근시세비교": "인근 신축 참고단지: e편한세상부평그랑힐스(청천동, 인접) / 구축 참고단지: 부평동아1단지, 부평1동한국 — 정확한 실거래가는 호갱노노 등에서 단지명으로 직접 확인 필요(2026-07-20 리서치, 구체적 가격 미검증)",
        "color": "#db2777",
        "A_stage_progress": 0.143,
        "A_stage_progress_basis": "현재단계=정비구역지정, 전체 8단계 중 2번째 → 0.14",
        "A_stage_index": 2,
        "A_stage_total": 8,
        "B_pretest": 0.6,
        "B_pretest_basis": "예타상태=해당없음(도시정비법 조합사업, 예타 비대상) → 0.6 (구조적으로 예타 비대상, 감점 아님)",
        "C_delay": 1.0,
        "C_delay_basis": "지연여부=N → 1.0 (지연 없음 또는 미확인, 미확인은 지연 없음으로 간주)",
        "F_upside_potential": 0.857,
        "F_upside_potential_basis": "사업단계 진척률(A)=0.14 → 잔여 개발이익 여력 = 1-A = 0.86 (초기단계일수록 향후 가격 상승여력 크고, 착공·준공에 가까울수록 이미 가격에 반영돼 여력 작다고 가정)",
        "D_infra": 0.7,
        "D_infra_basis": "인프라연계id 없음 → 데이터 미비를 벌점화하지 않기 위해 중립값 0.7",
        "E_price_attractiveness": 0.85,
        "E_price_attractiveness_basis": "대략가격대=5천만원대~1억(추정) → 0.85 (가격 낮을수록 소액투자 매력도 높음)",
        "최신업데이트일": "",
        "최신업데이트요약": "",
        "최신업데이트출처URL": ""
      }
    },
    {
      "type": "Feature",
      "geometry": {
        "type": "Point",
        "coordinates": [
          126.72808,
          37.519098
        ]
      },
      "properties": {
        "id": "P331",
        "사업유형": "재개발",
        "사업명": "갈산동64-12",
        "근거법": "도시정비법",
        "상위계획": "2030 인천광역시 도시·주거환경정비기본계획",
        "지정주체": "인천광역시 부평구청",
        "시도": "인천",
        "시군구": "부평구",
        "읍면동": "갈산동",
        "최초계획연도": "",
        "현재단계": "추진위승인",
        "단계상세": "인천시 추정분담금 정보시스템(2026.7 기준) 조회 결과",
        "지연여부": "N",
        "예타상태": "해당없음(도시정비법 조합사업, 예타 비대상)",
        "최근확인일": "2026-07-18",
        "출처URL": "https://renewal.incheon.go.kr/ires/program/0000-0011-0025/program/business/search.do",
        "비고": "대표지번: 갈산동 64-12번지 일원. 좌표는 동단위 근사치. 가격대는 단계기반 추정치, 실제 시세 미검증",
        "인프라연계id": "",
        "대략가격대": "5천만원대~1억(추정)",
        "구역면적": "",
        "건축면적": "",
        "동수": "",
        "세대수": "",
        "건폐율": "",
        "용적률": "",
        "예상완공시기": "확인필요(원문 사업개요 없음)",
        "추진위조합정보": "갈산동64-12번지 일원 재개발 조합설립추진위원회(위원장 나영주) — 2026-04-20 추진위 승인, 동의율 약 66.7%(입안제안용 68% 확보), 토지등소유자 901명, 구역면적 68,902㎡, 계획 1,727세대(최고 29층). 출처: 위클리한국주택경제신문 2026-04-27",
        "인근부동산": "대박부동산공인중개사사무소(인천 부평구 평천로 381-1) 032-525-0508 (2026-07-20 당근 업체정보 직접 확인)",
        "초기투자프리미엄정보": "추진위 승인 초기 단계(2026-04)로 관련 블로그·카페 프리미엄 정보 검색 결과 없음(2026-07-20 확인)",
        "인근시세비교": "인근 참고단지: 갈산아파트, 갈산아주, 갈산우성, 한국(갈산동) — 정확한 실거래가는 호갱노노 등에서 단지명으로 직접 확인 필요(2026-07-20 리서치, 구체적 가격 미검증)",
        "color": "#db2777",
        "A_stage_progress": 0.286,
        "A_stage_progress_basis": "현재단계=추진위승인, 전체 8단계 중 3번째 → 0.29",
        "A_stage_index": 3,
        "A_stage_total": 8,
        "B_pretest": 0.6,
        "B_pretest_basis": "예타상태=해당없음(도시정비법 조합사업, 예타 비대상) → 0.6 (구조적으로 예타 비대상, 감점 아님)",
        "C_delay": 1.0,
        "C_delay_basis": "지연여부=N → 1.0 (지연 없음 또는 미확인, 미확인은 지연 없음으로 간주)",
        "F_upside_potential": 0.714,
        "F_upside_potential_basis": "사업단계 진척률(A)=0.29 → 잔여 개발이익 여력 = 1-A = 0.71 (초기단계일수록 향후 가격 상승여력 크고, 착공·준공에 가까울수록 이미 가격에 반영돼 여력 작다고 가정)",
        "D_infra": 0.7,
        "D_infra_basis": "인프라연계id 없음 → 데이터 미비를 벌점화하지 않기 위해 중립값 0.7",
        "E_price_attractiveness": 0.85,
        "E_price_attractiveness_basis": "대략가격대=5천만원대~1억(추정) → 0.85 (가격 낮을수록 소액투자 매력도 높음)",
        "최신업데이트일": "",
        "최신업데이트요약": "",
        "최신업데이트출처URL": ""
      }
    },
    {
      "type": "Feature",
      "geometry": {
        "type": "Point",
        "coordinates": [
          126.727906,
          37.521651
        ]
      },
      "properties": {
        "id": "P333",
        "사업유형": "재개발",
        "사업명": "갈산1구역",
        "근거법": "도시정비법",
        "상위계획": "2030 인천광역시 도시·주거환경정비기본계획",
        "지정주체": "인천광역시 부평구청",
        "시도": "인천",
        "시군구": "부평구",
        "읍면동": "갈산동",
        "최초계획연도": "",
        "현재단계": "관리처분",
        "단계상세": "인천시 추정분담금 정보시스템(2026.7 기준) 조회 결과",
        "지연여부": "N",
        "예타상태": "해당없음(도시정비법 조합사업, 예타 비대상)",
        "최근확인일": "2026-07-18",
        "출처URL": "https://renewal.incheon.go.kr/ires/program/0000-0011-0025/program/business/search.do",
        "비고": "대표지번: 갈산동 112-39번지 일원. 좌표는 동단위 근사치. 가격대는 단계기반 추정치, 실제 시세 미검증",
        "인프라연계id": "",
        "대략가격대": "2억~3억(추정)",
        "구역면적": "50,367",
        "건축면적": "0",
        "동수": "10",
        "세대수": "1,137",
        "건폐율": "15.78",
        "용적률": "251.21",
        "예상완공시기": "확인필요(착공일 정보 없음)",
        "추진위조합정보": "갈산동 112-39번지 일대, 50,415㎡, 지하3~지상34층 10개동 1,137세대. 총사업비 3,857억원. 시공사 포스코건설·HDC현대산업개발. 2009 정비구역지정→2010 조합설립인가→2022-08-26 관리처분계획인가. 조합 연락처(검색 결과 기준, 미검증) 032-505-0595. 출처: 중부일보/인천in(2026-07-20 검색)",
        "인근부동산": "대박부동산공인중개사사무소(인천 부평구 평천로 381-1) 032-525-0508 (2026-07-20 당근 업체정보 직접 확인)",
        "초기투자프리미엄정보": "관련 블로그·카페·SNS 프리미엄 정보 검색 결과 없음(2026-07-20 확인)",
        "인근시세비교": "인근 참고단지: 갈산아파트, 갈산아주, 갈산우성, 한국(갈산동) — 정확한 실거래가는 호갱노노 등에서 단지명으로 직접 확인 필요(2026-07-20 리서치, 구체적 가격 미검증)",
        "color": "#db2777",
        "A_stage_progress": 0.714,
        "A_stage_progress_basis": "현재단계=관리처분, 전체 8단계 중 6번째 → 0.71",
        "A_stage_index": 6,
        "A_stage_total": 8,
        "B_pretest": 0.6,
        "B_pretest_basis": "예타상태=해당없음(도시정비법 조합사업, 예타 비대상) → 0.6 (구조적으로 예타 비대상, 감점 아님)",
        "C_delay": 1.0,
        "C_delay_basis": "지연여부=N → 1.0 (지연 없음 또는 미확인, 미확인은 지연 없음으로 간주)",
        "F_upside_potential": 0.286,
        "F_upside_potential_basis": "사업단계 진척률(A)=0.71 → 잔여 개발이익 여력 = 1-A = 0.29 (초기단계일수록 향후 가격 상승여력 크고, 착공·준공에 가까울수록 이미 가격에 반영돼 여력 작다고 가정)",
        "D_infra": 0.7,
        "D_infra_basis": "인프라연계id 없음 → 데이터 미비를 벌점화하지 않기 위해 중립값 0.7",
        "E_price_attractiveness": 0.4,
        "E_price_attractiveness_basis": "대략가격대=2억~3억(추정) → 0.4 (가격 낮을수록 소액투자 매력도 높음)",
        "최신업데이트일": "",
        "최신업데이트요약": "",
        "최신업데이트출처URL": ""
      }
    }
  ]
}